datetime,open,close,high,low,volume,成交额,均价
2025-12-22 09:30:00,0.0,146.04,146.04,146.04,5123,74815853.0,146.04
2025-12-22 09:31:00,0.0,149.6,149.68,146.58,19293,284339440.0,147.099
2025-12-22 09:32:00,0.0,153.13,153.66,149.73,17304,261924092.0,148.869
2025-12-22 09:33:00,0.0,153.97,154.97,153.08,19027,293014896.0,150.477
2025-12-22 09:34:00,0.0,154.93,155.89,153.67,14396,222755554.0,151.293
2025-12-22 09:35:00,0.0,152.63,154.6,151.98,10301,157400108.0,151.474
2025-12-22 09:36:00,0.0,153.71,153.71,151.99,8160,124318426.0,151.55
2025-12-22 09:37:00,0.0,155.9,155.96,153.75,10653,164701097.0,151.863
2025-12-22 09:38:00,0.0,156.75,158.0,156.21,11508,180565954.0,152.364
2025-12-22 09:39:00,0.0,155.5,156.7,154.91,6131,95353338.0,152.523
2025-12-22 09:40:00,0.0,157.05,157.05,155.98,8953,140181610.0,152.8
2025-12-22 09:41:00,0.0,157.09,157.38,155.93,7040,110411844.0,153.006
2025-12-22 09:42:00,0.0,157.81,158.0,156.99,10563,166638914.0,153.344
2025-12-22 09:43:00,0.0,157.52,158.9,157.07,7118,112612706.0,153.566
2025-12-22 09:44:00,0.0,156.88,157.7,156.88,4642,73060546.0,153.677
2025-12-22 09:45:00,0.0,156.6,157.18,156.51,3459,54251543.0,153.745
2025-12-22 09:46:00,0.0,157.2,157.2,156.13,3215,50390507.0,153.803
2025-12-22 09:47:00,0.0,155.42,157.49,155.19,3952,61641390.0,153.853
2025-12-22 09:48:00,0.0,155.12,155.68,154.44,4852,75266302.0,153.888
2025-12-22 09:49:00,0.0,156.24,156.24,154.8,3901,60648798.0,153.922
2025-12-22 09:50:00,0.0,157.42,157.51,156.24,4140,64991772.0,153.991
2025-12-22 09:51:00,0.0,158.5,158.5,157.4,5056,79843341.0,154.096
2025-12-22 09:52:00,0.0,157.56,158.37,157.45,2755,43485883.0,154.15
2025-12-22 09:53:00,0.0,158.13,158.28,156.9,2998,47202949.0,154.201
2025-12-22 09:54:00,0.0,156.75,158.0,156.62,1691,26625362.0,154.229
2025-12-22 09:55:00,0.0,156.9,156.97,156.26,1561,24456090.0,154.249
2025-12-22 09:56:00,0.0,156.11,156.91,155.76,1927,30075980.0,154.266
2025-12-22 09:57:00,0.0,156.77,157.37,155.96,2305,36110034.0,154.293
2025-12-22 09:58:00,0.0,156.48,156.97,156.01,1574,24630609.0,154.31
2025-12-22 09:59:00,0.0,157.0,157.17,156.16,1610,25259821.0,154.331
2025-12-22 10:00:00,0.0,156.99,157.65,156.7,3023,47519983.0,154.372
2025-12-22 10:01:00,0.0,156.23,157.05,156.02,1733,27104144.0,154.389
2025-12-22 10:02:00,0.0,156.0,156.02,155.5,2192,34163541.0,154.404
2025-12-22 10:03:00,0.0,156.86,156.88,155.82,2633,41127600.0,154.426
2025-12-22 10:04:00,0.0,156.53,157.06,156.04,1480,23210941.0,154.442
2025-12-22 10:05:00,0.0,156.56,156.57,156.09,1469,22965779.0,154.455
2025-12-22 10:06:00,0.0,155.25,156.34,155.11,2937,45697776.0,154.47
2025-12-22 10:07:00,0.0,155.31,155.59,154.81,2209,34239153.0,154.476
2025-12-22 10:08:00,0.0,155.97,156.23,155.35,1227,19093484.0,154.482
2025-12-22 10:09:00,0.0,155.08,155.91,155.0,1004,15608328.0,154.486
2025-12-22 10:10:00,0.0,155.05,155.5,155.05,1483,23025685.0,154.491
2025-12-22 10:11:00,0.0,154.8,155.6,154.8,2346,36398905.0,154.498
2025-12-22 10:12:00,0.0,155.56,155.7,154.32,2537,39310524.0,154.503
2025-12-22 10:13:00,0.0,156.54,156.58,155.59,1392,21745797.0,154.514
2025-12-22 10:14:00,0.0,156.12,156.55,155.72,1411,22030892.0,154.524
2025-12-22 10:15:00,0.0,158.0,158.0,156.12,4023,63318749.0,154.572
2025-12-22 10:16:00,0.0,158.45,158.63,157.99,4971,78690917.0,154.649
2025-12-22 10:17:00,0.0,157.84,158.37,157.53,2004,31680910.0,154.677
2025-12-22 10:18:00,0.0,157.45,157.88,157.25,1138,17926202.0,154.69
2025-12-22 10:19:00,0.0,157.7,157.86,157.24,1009,15896669.0,154.702
2025-12-22 10:20:00,0.0,156.8,157.6,156.73,1171,18375913.0,154.712
2025-12-22 10:21:00,0.0,156.34,157.44,156.34,1149,18016003.0,154.722
2025-12-22 10:22:00,0.0,157.25,157.25,156.3,1394,21831081.0,154.732
2025-12-22 10:23:00,0.0,156.87,157.15,156.69,983,15424058.0,154.741
2025-12-22 10:24:00,0.0,156.93,157.35,156.75,1538,24149815.0,154.755
2025-12-22 10:25:00,0.0,157.03,157.3,157.0,927,14560089.0,154.763
2025-12-22 10:26:00,0.0,157.99,158.0,157.18,1728,27263216.0,154.783
2025-12-22 10:27:00,0.0,158.2,158.25,157.85,1918,30304561.0,154.807
2025-12-22 10:28:00,0.0,158.56,158.56,158.19,1558,24671963.0,154.829
2025-12-22 10:29:00,0.0,158.3,158.59,158.16,1298,20553781.0,154.846
2025-12-22 10:30:00,0.0,157.8,158.5,157.56,1155,18274106.0,154.861
2025-12-22 10:31:00,0.0,158.0,158.24,157.85,900,14220940.0,154.872
2025-12-22 10:32:00,0.0,157.61,158.02,157.37,989,15597724.0,154.882
2025-12-22 10:33:00,0.0,158.79,158.79,157.99,1823,28875525.0,154.907
2025-12-22 10:34:00,0.0,158.8,159.17,158.8,4764,75718633.0,154.978
2025-12-22 10:35:00,0.0,157.7,158.68,157.69,944,14950522.0,154.989
2025-12-22 10:36:00,0.0,157.17,157.74,157.09,561,8831341.0,154.994
2025-12-22 10:37:00,0.0,157.38,157.48,157.1,807,12688251.0,155.001
2025-12-22 10:38:00,0.0,157.59,158.0,157.31,522,8235454.0,155.006
2025-12-22 10:39:00,0.0,157.43,158.0,157.3,537,8458596.0,155.011
2025-12-22 10:40:00,0.0,158.1,158.1,157.24,680,10719855.0,155.017
2025-12-22 10:41:00,0.0,157.67,158.21,157.57,663,10468835.0,155.025
2025-12-22 10:42:00,0.0,157.52,157.66,157.22,400,6299862.0,155.028
2025-12-22 10:43:00,0.0,157.22,157.6,157.22,596,9382408.0,155.033
2025-12-22 10:44:00,0.0,156.95,157.25,156.8,1189,18661683.0,155.042
2025-12-22 10:45:00,0.0,156.95,157.0,156.83,531,8331975.0,155.045
2025-12-22 10:46:00,0.0,157.07,157.45,156.94,556,8734137.0,155.049
2025-12-22 10:47:00,0.0,156.93,157.13,156.9,735,11541451.0,155.054
2025-12-22 10:48:00,0.0,157.28,157.5,156.94,571,8979696.0,155.059
2025-12-22 10:49:00,0.0,157.59,157.9,157.32,370,5833169.0,155.062
2025-12-22 10:50:00,0.0,157.13,157.4,157.08,263,4134970.0,155.064
2025-12-22 10:51:00,0.0,157.49,157.5,157.08,554,8705824.0,155.069
2025-12-22 10:52:00,0.0,157.5,157.77,157.5,741,11679814.0,155.075
2025-12-22 10:53:00,0.0,157.08,157.51,157.01,879,13814870.0,155.082
2025-12-22 10:54:00,0.0,157.33,157.35,156.93,460,7225792.0,155.085
2025-12-22 10:55:00,0.0,157.32,157.36,157.05,363,5708858.0,155.088
2025-12-22 10:56:00,0.0,157.2,157.31,157.09,301,4733619.0,155.09
2025-12-22 10:57:00,0.0,157.0,157.76,156.88,757,11898809.0,155.096
2025-12-22 10:58:00,0.0,157.02,157.37,156.88,558,8762297.0,155.099
2025-12-22 10:59:00,0.0,157.8,157.8,157.02,523,8231795.0,155.104
2025-12-22 11:00:00,0.0,158.02,158.02,157.82,1309,20680918.0,155.117
2025-12-22 11:01:00,0.0,158.72,158.73,158.13,1083,17165226.0,155.129
2025-12-22 11:02:00,0.0,158.18,158.61,158.13,573,9076090.0,155.136
2025-12-22 11:03:00,0.0,157.99,158.13,157.88,458,7234830.0,155.14
2025-12-22 11:04:00,0.0,158.42,158.42,157.96,422,6673396.0,155.145
2025-12-22 11:05:00,0.0,158.51,158.61,158.44,949,15043047.0,155.156
2025-12-22 11:06:00,0.0,158.35,158.5,158.13,562,8902620.0,155.162
2025-12-22 11:07:00,0.0,158.18,158.35,158.14,174,2753172.0,155.164
2025-12-22 11:08:00,0.0,158.0,158.3,158.0,224,3543761.0,155.166
2025-12-22 11:09:00,0.0,158.2,158.38,158.12,380,6013601.0,155.17
2025-12-22 11:10:00,0.0,158.09,158.22,158.03,325,5137862.0,155.173
2025-12-22 11:11:00,0.0,158.29,158.34,158.03,883,13969062.0,155.183
2025-12-22 11:12:00,0.0,158.25,158.28,158.09,230,3639099.0,155.185
2025-12-22 11:13:00,0.0,159.4,159.5,158.23,3450,54849944.0,155.229
2025-12-22 11:14:00,0.0,159.89,159.9,159.37,2673,42685218.0,155.269
2025-12-22 11:15:00,0.0,159.3,159.95,159.19,1328,21195199.0,155.288
2025-12-22 11:16:00,0.0,158.99,159.11,158.83,340,5404789.0,155.292
2025-12-22 11:17:00,0.0,158.68,158.96,158.56,337,5351113.0,155.296
2025-12-22 11:18:00,0.0,158.78,158.8,158.57,342,5429058.0,155.3
2025-12-22 11:19:00,0.0,158.25,159.08,158.25,790,12541593.0,155.309
2025-12-22 11:20:00,0.0,157.87,158.32,157.81,703,11112758.0,155.315
2025-12-22 11:21:00,0.0,157.83,158.0,157.79,620,9787311.0,155.321
2025-12-22 11:22:00,0.0,157.71,157.8,157.62,345,5440679.0,155.323
2025-12-22 11:23:00,0.0,157.5,157.7,157.44,316,4978115.0,155.326
2025-12-22 11:24:00,0.0,157.71,157.71,157.35,584,9188648.0,155.329
2025-12-22 11:25:00,0.0,157.5,157.99,157.5,417,6575367.0,155.333
2025-12-22 11:26:00,0.0,157.41,157.53,157.41,279,4392928.0,155.335
2025-12-22 11:27:00,0.0,157.57,157.57,157.16,419,6594372.0,155.337
2025-12-22 11:28:00,0.0,157.49,157.77,157.49,277,4366532.0,155.34
2025-12-22 11:29:00,0.0,157.8,157.99,157.43,457,7210476.0,155.343
2025-12-22 11:30:00,0.0,157.55,157.84,157.46,320,5044044.0,155.346
2025-12-22 13:01:00,0.0,157.18,157.61,157.18,785,12362245.0,155.351
2025-12-22 13:02:00,0.0,156.9,157.13,156.87,930,14600801.0,155.356
2025-12-22 13:03:00,0.0,156.86,156.87,156.34,755,11825117.0,155.359
2025-12-22 13:04:00,0.0,156.74,156.88,156.69,670,10505389.0,155.362
2025-12-22 13:05:00,0.0,156.41,156.7,156.41,427,6686021.0,155.364
2025-12-22 13:06:00,0.0,156.69,156.69,156.4,531,8309595.0,155.366
2025-12-22 13:07:00,0.0,156.24,156.7,156.0,1141,17839364.0,155.369
2025-12-22 13:08:00,0.0,155.91,156.18,155.86,805,12554273.0,155.371
2025-12-22 13:09:00,0.0,155.91,156.11,155.9,948,14785005.0,155.372
2025-12-22 13:10:00,0.0,155.87,156.0,155.85,991,15448197.0,155.374
2025-12-22 13:11:00,0.0,155.67,155.87,155.64,905,14095304.0,155.375
2025-12-22 13:12:00,0.0,156.05,156.46,155.69,1015,15830160.0,155.377
2025-12-22 13:13:00,0.0,156.21,156.45,156.2,649,10145438.0,155.379
2025-12-22 13:14:00,0.0,156.07,156.21,156.05,301,4697842.0,155.38
2025-12-22 13:15:00,0.0,156.0,156.07,156.0,427,6662481.0,155.38
2025-12-22 13:16:00,0.0,156.4,156.44,156.0,618,9652654.0,155.382
2025-12-22 13:17:00,0.0,157.17,157.48,156.4,713,11187802.0,155.385
2025-12-22 13:18:00,0.0,156.99,157.17,156.95,509,7992344.0,155.388
2025-12-22 13:19:00,0.0,156.8,157.0,156.8,455,7138596.0,155.39
2025-12-22 13:20:00,0.0,156.65,156.86,156.65,427,6694323.0,155.392
2025-12-22 13:21:00,0.0,156.8,156.8,156.5,476,7459247.0,155.394
2025-12-22 13:22:00,0.0,156.75,156.83,156.61,432,6770388.0,155.396
2025-12-22 13:23:00,0.0,156.83,156.99,156.79,500,7842916.0,155.398
2025-12-22 13:24:00,0.0,156.6,156.82,156.6,606,9494048.0,155.4
2025-12-22 13:25:00,0.0,156.7,156.75,156.61,574,8998558.0,155.403
2025-12-22 13:26:00,0.0,157.49,157.6,157.0,704,11078193.0,155.407
2025-12-22 13:27:00,0.0,157.21,157.46,157.21,304,4782727.0,155.409
2025-12-22 13:28:00,0.0,157.18,157.4,157.17,437,6870916.0,155.411
2025-12-22 13:29:00,0.0,156.88,157.23,156.88,431,6771726.0,155.413
2025-12-22 13:30:00,0.0,156.68,156.86,156.64,185,2903602.0,155.414
2025-12-22 13:31:00,0.0,156.7,156.7,156.5,343,5371522.0,155.415
2025-12-22 13:32:00,0.0,157.0,157.01,156.72,396,6215059.0,155.417
2025-12-22 13:33:00,0.0,157.4,157.42,156.9,659,10358166.0,155.421
2025-12-22 13:34:00,0.0,157.0,157.41,156.9,505,7931055.0,155.424
2025-12-22 13:35:00,0.0,158.46,158.48,157.0,1473,23254353.0,155.434
2025-12-22 13:36:00,0.0,158.31,158.38,158.0,1199,18960587.0,155.444
2025-12-22 13:37:00,0.0,158.06,158.41,158.06,925,14642848.0,155.452
2025-12-22 13:38:00,0.0,158.5,158.82,158.0,1134,17945205.0,155.462
2025-12-22 13:39:00,0.0,158.6,158.69,158.39,681,10796792.0,155.468
2025-12-22 13:40:00,0.0,158.59,158.69,158.59,528,8374826.0,155.473
2025-12-22 13:41:00,0.0,158.56,158.59,158.17,723,11458957.0,155.479
2025-12-22 13:42:00,0.0,158.32,158.99,158.32,1302,20680964.0,155.492
2025-12-22 13:43:00,0.0,158.3,158.52,158.22,454,7188491.0,155.496
2025-12-22 13:44:00,0.0,158.65,158.65,158.3,221,3501681.0,155.498
2025-12-22 13:45:00,0.0,158.73,158.98,158.7,896,14232830.0,155.507
2025-12-22 13:46:00,0.0,158.26,158.73,158.19,583,9238485.0,155.512
2025-12-22 13:47:00,0.0,158.3,158.3,158.07,217,3432590.0,155.514
2025-12-22 13:48:00,0.0,158.23,158.3,158.2,256,4051659.0,155.516
2025-12-22 13:49:00,0.0,158.0,158.23,158.0,266,4206649.0,155.518
2025-12-22 13:50:00,0.0,157.89,158.03,157.85,369,5834565.0,155.521
2025-12-22 13:51:00,0.0,158.26,158.48,157.83,649,10258796.0,155.526
2025-12-22 13:52:00,0.0,158.04,158.34,158.04,602,9522957.0,155.53
2025-12-22 13:53:00,0.0,157.7,158.02,157.63,460,7259280.0,155.533
2025-12-22 13:54:00,0.0,157.97,157.97,157.6,382,6030127.0,155.536
2025-12-22 13:55:00,0.0,157.49,157.88,157.49,280,4415079.0,155.538
2025-12-22 13:56:00,0.0,157.3,157.49,157.3,346,5445195.0,155.539
2025-12-22 13:57:00,0.0,156.83,157.26,156.7,741,11626910.0,155.542
2025-12-22 13:58:00,0.0,156.97,157.0,156.8,524,8219363.0,155.544
2025-12-22 13:59:00,0.0,156.62,157.0,156.6,693,10864524.0,155.547
2025-12-22 14:00:00,0.0,156.59,156.63,156.55,409,6409679.0,155.548
2025-12-22 14:01:00,0.0,157.1,157.1,156.53,564,8839446.0,155.55
2025-12-22 14:02:00,0.0,157.09,157.1,156.93,609,9562494.0,155.553
2025-12-22 14:03:00,0.0,157.48,157.48,157.09,370,5818532.0,155.554
2025-12-22 14:04:00,0.0,157.25,157.58,157.25,721,11352210.0,155.558
2025-12-22 14:05:00,0.0,157.12,157.22,157.1,221,3473384.0,155.559
2025-12-22 14:06:00,0.0,157.18,157.2,157.12,350,5500796.0,155.561
2025-12-22 14:07:00,0.0,157.1,157.17,157.1,256,4022525.0,155.562
2025-12-22 14:08:00,0.0,157.01,157.14,157.0,231,3628097.0,155.563
2025-12-22 14:09:00,0.0,157.24,157.5,157.03,384,6037937.0,155.565
2025-12-22 14:10:00,0.0,157.32,157.47,157.24,256,4026765.0,155.566
2025-12-22 14:11:00,0.0,157.31,157.38,157.24,231,3633481.0,155.567
2025-12-22 14:12:00,0.0,157.14,157.36,157.1,352,5534980.0,155.569
2025-12-22 14:13:00,0.0,156.94,157.13,156.88,404,6343574.0,155.571
2025-12-22 14:14:00,0.0,157.05,157.06,156.94,492,7724990.0,155.573
2025-12-22 14:15:00,0.0,157.08,157.14,157.04,229,3597442.0,155.574
2025-12-22 14:16:00,0.0,157.13,157.17,157.08,278,4367536.0,155.575
2025-12-22 14:17:00,0.0,157.1,157.14,157.09,292,4587771.0,155.576
2025-12-22 14:18:00,0.0,156.98,157.1,156.98,317,4977791.0,155.578
2025-12-22 14:19:00,0.0,156.95,156.99,156.88,470,7376122.0,155.579
2025-12-22 14:20:00,0.0,156.93,156.99,156.86,732,11483904.0,155.582
2025-12-22 14:21:00,0.0,157.49,157.51,156.96,2047,32171945.0,155.591
2025-12-22 14:22:00,0.0,157.49,157.58,157.25,487,7670179.0,155.594
2025-12-22 14:23:00,0.0,157.38,157.5,157.26,333,5240985.0,155.596
2025-12-22 14:24:00,0.0,157.29,157.43,157.29,384,6042649.0,155.598
2025-12-22 14:25:00,0.0,157.15,157.3,157.15,356,5598074.0,155.599
2025-12-22 14:26:00,0.0,157.15,157.17,157.13,533,8378483.0,155.601
2025-12-22 14:27:00,0.0,157.18,157.2,157.09,932,14647066.0,155.606
2025-12-22 14:28:00,0.0,157.12,157.2,157.08,620,9743121.0,155.608
2025-12-22 14:29:00,0.0,157.14,157.15,157.1,264,4153648.0,155.609
2025-12-22 14:30:00,0.0,157.02,157.15,157.02,248,3891208.0,155.61
2025-12-22 14:31:00,0.0,157.03,157.05,156.91,415,6515080.0,155.612
2025-12-22 14:32:00,0.0,157.05,157.07,157.01,374,5872950.0,155.613
2025-12-22 14:33:00,0.0,156.97,157.06,156.97,751,11792416.0,155.616
2025-12-22 14:34:00,0.0,156.71,156.96,156.71,618,9694009.0,155.619
2025-12-22 14:35:00,0.0,156.8,156.99,156.5,1743,27318525.0,155.624
2025-12-22 14:36:00,0.0,156.97,157.0,156.81,596,9351781.0,155.626
2025-12-22 14:37:00,0.0,157.03,157.03,156.96,887,13928611.0,155.629
2025-12-22 14:38:00,0.0,157.0,157.08,157.0,667,10475808.0,155.632
2025-12-22 14:39:00,0.0,156.93,157.05,156.92,797,12507134.0,155.635
2025-12-22 14:40:00,0.0,156.83,156.92,156.82,620,9729695.0,155.637
2025-12-22 14:41:00,0.0,156.85,156.88,156.83,666,10449664.0,155.639
2025-12-22 14:42:00,0.0,156.95,156.99,156.87,563,8838168.0,155.641
2025-12-22 14:43:00,0.0,156.96,156.99,156.94,408,6406456.0,155.643
2025-12-22 14:44:00,0.0,156.97,156.97,156.94,515,8083364.0,155.644
2025-12-22 14:45:00,0.0,156.93,156.97,156.92,649,10188932.0,155.647
2025-12-22 14:46:00,0.0,156.91,156.95,156.91,825,12941091.0,155.65
2025-12-22 14:47:00,0.0,156.96,156.96,156.93,1106,17355506.0,155.653
2025-12-22 14:48:00,0.0,157.63,157.63,156.94,2712,42598414.0,155.664
2025-12-22 14:49:00,0.0,157.6,157.88,157.5,2127,33558364.0,155.676
2025-12-22 14:50:00,0.0,157.18,157.56,157.18,492,7742372.0,155.678
2025-12-22 14:51:00,0.0,157.04,157.1,156.98,971,15246696.0,155.682
2025-12-22 14:52:00,0.0,157.0,157.05,157.0,1139,17885330.0,155.686
2025-12-22 14:53:00,0.0,156.98,157.0,156.95,1450,22761900.0,155.691
2025-12-22 14:54:00,0.0,156.92,156.99,156.91,1524,23920428.0,155.696
2025-12-22 14:55:00,0.0,156.9,156.93,156.89,1959,30738292.0,155.702
2025-12-22 14:56:00,0.0,156.99,157.0,156.88,2386,37443650.0,155.71
2025-12-22 14:57:00,0.0,156.97,157.0,156.97,3285,51570217.0,155.72
2025-12-22 14:58:00,0.0,156.97,156.97,156.97,43,675020.0,155.72
2025-12-22 14:59:00,0.0,156.97,156.97,156.97,0,0.0,155.72
2025-12-22 15:00:00,0.0,156.97,156.97,156.97,3590,56352073.0,155.732
2025-12-23 09:30:00,0.0,156.52,156.52,156.52,4558,71341816.0,156.52
2025-12-23 09:31:00,0.0,156.32,157.77,154.92,11499,179927540.0,156.486
2025-12-23 09:32:00,0.0,156.04,156.63,155.0,6679,104033870.0,156.274
2025-12-23 09:33:00,0.0,156.93,158.48,156.26,7512,118277088.0,156.566
2025-12-23 09:34:00,0.0,155.03,156.78,155.03,5069,79043948.0,156.476
2025-12-23 09:35:00,0.0,155.74,156.09,155.0,5563,86519755.0,156.346
2025-12-23 09:36:00,0.0,155.2,156.39,154.84,10279,159955780.0,156.199
2025-12-23 09:37:00,0.0,156.34,156.72,155.06,5645,87719795.0,156.118
2025-12-23 09:38:00,0.0,156.2,157.0,156.2,2892,45282785.0,156.141
2025-12-23 09:39:00,0.0,156.04,156.53,156.0,3274,51165652.0,156.148
2025-12-23 09:40:00,0.0,156.02,156.37,155.94,2585,40360196.0,156.147
2025-12-23 09:41:00,0.0,155.58,156.23,155.18,3331,51870037.0,156.126
2025-12-23 09:42:00,0.0,156.18,156.18,155.56,2168,33772290.0,156.116
2025-12-23 09:43:00,0.0,155.61,156.18,155.42,2319,36113271.0,156.103
2025-12-23 09:44:00,0.0,156.5,156.65,155.61,3374,52694531.0,156.106
2025-12-23 09:45:00,0.0,157.63,157.63,156.51,2863,44946605.0,156.138
2025-12-23 09:46:00,0.0,157.63,157.64,156.88,3038,47796854.0,156.181
2025-12-23 09:47:00,0.0,156.28,157.78,156.28,2336,36710922.0,156.208
2025-12-23 09:48:00,0.0,156.65,157.04,156.23,2509,39276300.0,156.217
2025-12-23 09:49:00,0.0,155.8,156.6,155.8,1502,23456891.0,156.217
2025-12-23 09:50:00,0.0,155.2,155.74,155.2,3360,52218577.0,156.187
2025-12-23 09:51:00,0.0,155.21,155.73,155.21,3202,49757139.0,156.161
2025-12-23 09:52:00,0.0,155.35,155.59,155.04,4401,68290948.0,156.117
2025-12-23 09:53:00,0.0,155.99,156.19,155.58,2190,34149343.0,156.113
2025-12-23 09:54:00,0.0,155.56,156.04,155.36,1730,26943935.0,156.106
2025-12-23 09:55:00,0.0,155.43,155.84,155.43,804,12507188.0,156.102
2025-12-23 09:56:00,0.0,155.86,155.9,155.24,970,15077277.0,156.096
2025-12-23 09:57:00,0.0,155.59,155.85,155.41,1382,21504367.0,156.089
2025-12-23 09:58:00,0.0,155.47,155.68,155.34,1688,26252808.0,156.08
2025-12-23 09:59:00,0.0,155.2,155.98,155.08,1892,29424144.0,156.071
2025-12-23 10:00:00,0.0,155.62,155.99,155.16,1365,21231717.0,156.065
2025-12-23 10:01:00,0.0,155.88,156.11,155.87,1856,28942889.0,156.063
2025-12-23 10:02:00,0.0,155.16,155.88,155.09,1195,18557104.0,156.055
2025-12-23 10:03:00,0.0,154.71,155.16,154.7,2300,35641358.0,156.034
2025-12-23 10:04:00,0.0,154.9,155.41,154.87,2587,40100004.0,156.012
2025-12-23 10:05:00,0.0,154.58,155.08,154.55,1570,24312647.0,155.997
2025-12-23 10:06:00,0.0,154.6,154.81,154.5,2875,44463765.0,155.966
2025-12-23 10:07:00,0.0,154.74,154.99,154.6,1027,15894233.0,155.956
2025-12-23 10:08:00,0.0,154.56,154.73,154.42,2584,39941033.0,155.928
2025-12-23 10:09:00,0.0,154.66,155.32,154.64,1027,15921207.0,155.92
2025-12-23 10:10:00,0.0,154.98,155.22,154.67,917,14215216.0,155.914
2025-12-23 10:11:00,0.0,154.81,155.0,154.81,989,15322556.0,155.906
2025-12-23 10:12:00,0.0,155.04,155.2,154.88,1159,17966389.0,155.899
2025-12-23 10:13:00,0.0,154.88,155.43,154.88,1566,24317507.0,155.892
2025-12-23 10:14:00,0.0,155.49,155.49,154.73,824,12774827.0,155.886
2025-12-23 10:15:00,0.0,155.19,155.49,155.19,667,10359379.0,155.883
2025-12-23 10:16:00,0.0,155.98,156.09,155.19,1363,21235779.0,155.883
2025-12-23 10:17:00,0.0,155.53,155.94,155.53,1038,16164155.0,155.881
2025-12-23 10:18:00,0.0,155.87,156.01,155.38,1043,16252072.0,155.88
2025-12-23 10:19:00,0.0,154.98,155.87,154.8,1355,21046386.0,155.875
2025-12-23 10:20:00,0.0,155.4,155.51,154.91,1015,15745748.0,155.87
2025-12-23 10:21:00,0.0,154.9,155.42,154.89,571,8860155.0,155.867
2025-12-23 10:22:00,0.0,154.56,154.99,154.56,862,13340258.0,155.86
2025-12-23 10:23:00,0.0,154.85,154.9,154.53,1302,20130863.0,155.849
2025-12-23 10:24:00,0.0,154.44,154.9,154.44,1543,23854192.0,155.836
2025-12-23 10:25:00,0.0,154.4,154.67,154.35,1670,25789171.0,155.82
2025-12-23 10:26:00,0.0,154.8,154.88,154.34,1299,20076100.0,155.808
2025-12-23 10:27:00,0.0,154.88,155.15,154.87,1190,18440366.0,155.802
2025-12-23 10:28:00,0.0,154.63,155.04,154.5,1141,17665010.0,155.794
2025-12-23 10:29:00,0.0,154.99,155.0,154.67,636,9842729.0,155.79
2025-12-23 10:30:00,0.0,155.22,155.22,154.99,921,14280333.0,155.785
2025-12-23 10:31:00,0.0,155.76,155.92,155.4,1072,16682538.0,155.784
2025-12-23 10:32:00,0.0,154.89,155.52,154.89,700,10870785.0,155.782
2025-12-23 10:33:00,0.0,155.99,155.99,155.0,1146,17832919.0,155.781
2025-12-23 10:34:00,0.0,156.32,156.67,156.02,1469,22977992.0,155.787
2025-12-23 10:35:00,0.0,155.93,156.23,155.74,784,12239486.0,155.788
2025-12-23 10:36:00,0.0,155.65,156.15,155.65,851,13264053.0,155.789
2025-12-23 10:37:00,0.0,155.36,156.11,155.34,883,13754916.0,155.789
2025-12-23 10:38:00,0.0,154.95,155.32,154.95,739,11463376.0,155.786
2025-12-23 10:39:00,0.0,154.97,155.08,154.95,408,6322604.0,155.784
2025-12-23 10:40:00,0.0,154.83,154.98,154.83,649,10051539.0,155.78
2025-12-23 10:41:00,0.0,155.48,155.48,154.88,577,8947748.0,155.777
2025-12-23 10:42:00,0.0,155.59,155.87,155.5,480,7473619.0,155.777
2025-12-23 10:43:00,0.0,155.7,155.79,155.6,507,7890186.0,155.777
2025-12-23 10:44:00,0.0,155.0,155.56,155.0,407,6318559.0,155.775
2025-12-23 10:45:00,0.0,155.0,155.13,155.0,285,4419578.0,155.774
2025-12-23 10:46:00,0.0,155.37,155.39,155.0,419,6504388.0,155.773
2025-12-23 10:47:00,0.0,155.41,155.89,155.36,750,11674106.0,155.772
2025-12-23 10:48:00,0.0,155.23,155.41,155.19,533,8275039.0,155.771
2025-12-23 10:49:00,0.0,155.73,155.77,155.23,430,6683223.0,155.77
2025-12-23 10:50:00,0.0,155.82,155.93,155.42,536,8351013.0,155.77
2025-12-23 10:51:00,0.0,155.25,155.55,155.21,396,6151009.0,155.769
2025-12-23 10:52:00,0.0,155.1,155.29,155.02,587,9108749.0,155.767
2025-12-23 10:53:00,0.0,155.58,155.65,155.23,468,7270106.0,155.765
2025-12-23 10:54:00,0.0,155.49,155.69,155.49,379,5897228.0,155.765
2025-12-23 10:55:00,0.0,155.59,155.6,155.47,403,6267918.0,155.764
2025-12-23 10:56:00,0.0,155.39,155.6,155.39,365,5675706.0,155.764
2025-12-23 10:57:00,0.0,155.4,155.48,155.39,739,11485841.0,155.762
2025-12-23 10:58:00,0.0,155.53,155.55,155.43,614,9553818.0,155.761
2025-12-23 10:59:00,0.0,155.36,155.59,155.29,607,9437984.0,155.761
2025-12-23 11:00:00,0.0,155.11,155.45,155.11,457,7096948.0,155.759
2025-12-23 11:01:00,0.0,155.31,155.42,155.19,1015,15762903.0,155.757
2025-12-23 11:02:00,0.0,155.39,155.56,155.33,405,6295536.0,155.756
2025-12-23 11:03:00,0.0,155.19,155.4,155.13,676,10491656.0,155.754
2025-12-23 11:04:00,0.0,155.0,155.35,155.0,675,10473367.0,155.751
2025-12-23 11:05:00,0.0,154.92,155.03,154.88,762,11808678.0,155.748
2025-12-23 11:06:00,0.0,155.13,155.13,154.92,491,7607232.0,155.746
2025-12-23 11:07:00,0.0,155.17,155.17,155.0,628,9737422.0,155.743
2025-12-23 11:08:00,0.0,155.26,155.27,155.15,459,7123412.0,155.742
2025-12-23 11:09:00,0.0,155.29,155.29,155.19,814,12636633.0,155.74
2025-12-23 11:10:00,0.0,155.77,156.1,155.46,1080,16827740.0,155.74
2025-12-23 11:11:00,0.0,156.16,156.24,155.76,1418,22132486.0,155.743
2025-12-23 11:12:00,0.0,156.18,156.21,156.0,696,10870224.0,155.744
2025-12-23 11:13:00,0.0,156.32,156.32,156.17,509,7951298.0,155.746
2025-12-23 11:14:00,0.0,156.9,156.9,156.38,554,8676900.0,155.748
2025-12-23 11:15:00,0.0,156.83,157.5,156.83,2528,39743670.0,155.769
2025-12-23 11:16:00,0.0,156.46,156.83,156.4,515,8060802.0,155.771
2025-12-23 11:17:00,0.0,156.55,156.87,156.5,867,13583796.0,155.775
2025-12-23 11:18:00,0.0,157.18,157.18,156.55,516,8088774.0,155.778
2025-12-23 11:19:00,0.0,157.33,157.33,156.92,1483,23291401.0,155.788
2025-12-23 11:20:00,0.0,157.0,157.33,156.95,979,15385206.0,155.795
2025-12-23 11:21:00,0.0,156.87,157.01,156.79,656,10296187.0,155.799
2025-12-23 11:22:00,0.0,157.66,157.66,156.87,1359,21373376.0,155.809
2025-12-23 11:23:00,0.0,157.16,157.71,157.0,1937,30490376.0,155.826
2025-12-23 11:24:00,0.0,157.69,157.74,157.11,1553,24443755.0,155.838
2025-12-23 11:25:00,0.0,156.73,157.5,156.72,1974,31028191.0,155.852
2025-12-23 11:26:00,0.0,156.9,157.05,156.75,599,9396254.0,155.855
2025-12-23 11:27:00,0.0,157.0,157.08,156.9,564,8851568.0,155.858
2025-12-23 11:28:00,0.0,156.98,157.01,156.9,400,6278218.0,155.86
2025-12-23 11:29:00,0.0,157.0,157.04,156.98,451,7080317.0,155.863
2025-12-23 11:30:00,0.0,156.66,157.04,156.66,771,12094205.0,155.867
2025-12-23 13:01:00,0.0,156.99,156.99,156.51,792,12402151.0,155.87
2025-12-23 13:02:00,0.0,156.71,157.19,156.69,560,8790186.0,155.873
2025-12-23 13:03:00,0.0,156.72,157.03,156.72,451,7070769.0,155.875
2025-12-23 13:04:00,0.0,156.21,156.71,156.19,812,12701463.0,155.877
2025-12-23 13:05:00,0.0,156.17,156.28,155.8,1086,16939744.0,155.878
2025-12-23 13:06:00,0.0,155.93,156.09,155.85,766,11942141.0,155.878
2025-12-23 13:07:00,0.0,155.91,155.98,155.85,653,10182640.0,155.878
2025-12-23 13:08:00,0.0,155.95,155.97,155.86,764,11912716.0,155.878
2025-12-23 13:09:00,0.0,155.45,155.92,155.42,810,12607369.0,155.877
2025-12-23 13:10:00,0.0,155.55,155.81,155.48,759,11807435.0,155.876
2025-12-23 13:11:00,0.0,155.93,155.99,155.53,530,8254843.0,155.876
2025-12-23 13:12:00,0.0,155.75,156.14,155.75,455,7096908.0,155.876
2025-12-23 13:13:00,0.0,155.45,155.88,155.45,682,10615221.0,155.875
2025-12-23 13:14:00,0.0,155.41,155.5,155.39,914,14204929.0,155.873
2025-12-23 13:15:00,0.0,155.05,155.44,155.01,945,14665432.0,155.87
2025-12-23 13:16:00,0.0,155.13,155.27,155.02,765,11867610.0,155.867
2025-12-23 13:17:00,0.0,154.97,155.08,154.79,1438,22284923.0,155.861
2025-12-23 13:18:00,0.0,155.18,155.27,154.98,276,4283045.0,155.86
2025-12-23 13:19:00,0.0,155.28,155.3,155.13,449,6969548.0,155.859
2025-12-23 13:20:00,0.0,155.03,155.31,155.03,351,5446531.0,155.858
2025-12-23 13:21:00,0.0,155.23,155.24,155.01,435,6747443.0,155.856
2025-12-23 13:22:00,0.0,155.15,155.27,155.1,291,4515487.0,155.855
2025-12-23 13:23:00,0.0,155.0,155.2,155.0,383,5939973.0,155.854
2025-12-23 13:24:00,0.0,154.95,155.04,154.95,399,6183661.0,155.852
2025-12-23 13:25:00,0.0,155.05,155.11,154.95,537,8325505.0,155.85
2025-12-23 13:26:00,0.0,155.2,155.22,155.04,432,6701603.0,155.849
2025-12-23 13:27:00,0.0,155.07,155.27,155.07,532,8252614.0,155.847
2025-12-23 13:28:00,0.0,154.71,155.14,154.69,953,14761241.0,155.843
2025-12-23 13:29:00,0.0,154.9,154.91,154.75,580,8981596.0,155.84
2025-12-23 13:30:00,0.0,154.94,155.0,154.87,378,5855820.0,155.839
2025-12-23 13:31:00,0.0,155.43,155.48,154.96,747,11591811.0,155.836
2025-12-23 13:32:00,0.0,155.62,155.62,155.44,325,5052914.0,155.836
2025-12-23 13:33:00,0.0,155.19,155.53,155.15,615,9551846.0,155.834
2025-12-23 13:34:00,0.0,155.11,155.23,155.1,554,8596942.0,155.833
2025-12-23 13:35:00,0.0,155.22,155.23,154.91,551,8542450.0,155.831
2025-12-23 13:36:00,0.0,155.26,155.27,155.15,254,3942995.0,155.83
2025-12-23 13:37:00,0.0,155.0,155.26,154.89,696,10789346.0,155.827
2025-12-23 13:38:00,0.0,154.92,155.0,154.88,733,11355311.0,155.824
2025-12-23 13:39:00,0.0,154.91,155.03,154.9,388,6011979.0,155.823
2025-12-23 13:40:00,0.0,154.76,154.92,154.76,744,11522265.0,155.82
2025-12-23 13:41:00,0.0,154.96,155.05,154.78,462,7164669.0,155.818
2025-12-23 13:42:00,0.0,154.91,154.99,154.88,696,10783375.0,155.815
2025-12-23 13:43:00,0.0,155.06,155.06,154.97,444,6882372.0,155.814
2025-12-23 13:44:00,0.0,154.69,155.2,154.69,709,10982323.0,155.811
2025-12-23 13:45:00,0.0,154.89,154.98,154.66,360,5572064.0,155.809
2025-12-23 13:46:00,0.0,155.79,155.79,154.95,726,11274516.0,155.807
2025-12-23 13:47:00,0.0,155.48,155.79,155.26,1258,19566491.0,155.806
2025-12-23 13:48:00,0.0,155.66,155.71,155.3,477,7419951.0,155.805
2025-12-23 13:49:00,0.0,155.7,155.94,155.64,488,7601205.0,155.805
2025-12-23 13:50:00,0.0,155.51,155.66,155.37,579,9004018.0,155.805
2025-12-23 13:51:00,0.0,155.47,155.68,155.47,275,4277889.0,155.804
2025-12-23 13:52:00,0.0,155.31,155.39,155.28,403,6259503.0,155.803
2025-12-23 13:53:00,0.0,155.23,155.3,155.11,352,5462315.0,155.802
2025-12-23 13:54:00,0.0,155.4,155.41,155.14,266,4130650.0,155.802
2025-12-23 13:55:00,0.0,155.21,155.38,155.2,115,1785873.0,155.802
2025-12-23 13:56:00,0.0,155.36,155.39,155.17,338,5247196.0,155.801
2025-12-23 13:57:00,0.0,155.97,156.28,155.34,983,15331029.0,155.801
2025-12-23 13:58:00,0.0,155.96,156.4,155.96,1002,15651432.0,155.803
2025-12-23 13:59:00,0.0,155.8,155.89,155.66,491,7650966.0,155.803
2025-12-23 14:00:00,0.0,155.7,155.85,155.66,454,7072502.0,155.803
2025-12-23 14:01:00,0.0,155.38,155.7,155.26,347,5393094.0,155.803
2025-12-23 14:02:00,0.0,155.9,155.99,155.36,562,8744526.0,155.802
2025-12-23 14:03:00,0.0,155.5,155.93,155.44,591,9197936.0,155.802
2025-12-23 14:04:00,0.0,155.75,155.87,155.53,170,2647933.0,155.802
2025-12-23 14:05:00,0.0,155.88,155.88,155.54,302,4702307.0,155.802
2025-12-23 14:06:00,0.0,155.69,155.86,155.58,321,5000434.0,155.802
2025-12-23 14:07:00,0.0,157.16,157.16,155.78,1635,25601941.0,155.807
2025-12-23 14:08:00,0.0,157.17,157.17,156.6,1583,24846859.0,155.815
2025-12-23 14:09:00,0.0,157.2,157.5,157.0,1954,30722547.0,155.826
2025-12-23 14:10:00,0.0,156.81,157.19,156.77,795,12482262.0,155.83
2025-12-23 14:11:00,0.0,156.45,156.98,156.0,892,13974857.0,155.833
2025-12-23 14:12:00,0.0,156.4,156.69,156.3,462,7230428.0,155.834
2025-12-23 14:13:00,0.0,156.16,156.33,156.09,370,5780427.0,155.835
2025-12-23 14:14:00,0.0,156.21,156.42,156.16,600,9378021.0,155.836
2025-12-23 14:15:00,0.0,156.02,156.2,156.0,352,5496282.0,155.836
2025-12-23 14:16:00,0.0,155.99,156.15,155.8,481,7503146.0,155.837
2025-12-23 14:17:00,0.0,155.79,155.99,155.55,320,4983752.0,155.837
2025-12-23 14:18:00,0.0,155.83,156.0,155.79,382,5954484.0,155.837
2025-12-23 14:19:00,0.0,155.7,155.9,155.68,406,6325532.0,155.837
2025-12-23 14:20:00,0.0,155.82,155.94,155.78,306,4768929.0,155.837
2025-12-23 14:21:00,0.0,156.03,156.05,155.58,773,12049883.0,155.837
2025-12-23 14:22:00,0.0,155.69,156.05,155.69,592,9233372.0,155.837
2025-12-23 14:23:00,0.0,156.05,156.16,155.84,391,6097369.0,155.837
2025-12-23 14:24:00,0.0,155.87,156.06,155.74,480,7483832.0,155.837
2025-12-23 14:25:00,0.0,155.93,155.98,155.81,336,5238146.0,155.837
2025-12-23 14:26:00,0.0,155.48,155.98,155.48,523,8141417.0,155.837
2025-12-23 14:27:00,0.0,155.5,155.67,155.21,364,5658691.0,155.837
2025-12-23 14:28:00,0.0,155.2,155.63,155.01,931,14446073.0,155.834
2025-12-23 14:29:00,0.0,155.15,155.31,155.1,458,7106048.0,155.833
2025-12-23 14:30:00,0.0,155.25,155.3,155.15,632,9810738.0,155.831
2025-12-23 14:31:00,0.0,155.34,155.43,155.26,310,4816350.0,155.831
2025-12-23 14:32:00,0.0,155.7,155.7,155.4,563,8756498.0,155.83
2025-12-23 14:33:00,0.0,155.2,155.69,155.11,939,14582430.0,155.828
2025-12-23 14:34:00,0.0,155.08,155.28,155.08,506,7850840.0,155.827
2025-12-23 14:35:00,0.0,154.82,155.11,154.78,1198,18567439.0,155.823
2025-12-23 14:36:00,0.0,154.98,155.0,154.76,849,13147580.0,155.82
2025-12-23 14:37:00,0.0,154.79,154.99,154.79,719,11132189.0,155.817
2025-12-23 14:38:00,0.0,154.79,154.82,154.79,662,10247446.0,155.814
2025-12-23 14:39:00,0.0,154.45,154.81,154.45,1993,30818777.0,155.805
2025-12-23 14:40:00,0.0,154.34,154.48,154.32,2200,33970484.0,155.794
2025-12-23 14:41:00,0.0,154.8,154.8,154.35,1178,18209153.0,155.788
2025-12-23 14:42:00,0.0,154.58,154.79,154.53,1136,17573017.0,155.783
2025-12-23 14:43:00,0.0,154.69,154.74,154.6,515,7966814.0,155.781
2025-12-23 14:44:00,0.0,154.77,154.97,154.7,1171,18124857.0,155.777
2025-12-23 14:45:00,0.0,154.78,154.78,154.72,1181,18277250.0,155.772
2025-12-23 14:46:00,0.0,154.77,154.92,154.72,900,13930692.0,155.769
2025-12-23 14:47:00,0.0,154.86,154.87,154.73,816,12629791.0,155.766
2025-12-23 14:48:00,0.0,154.74,154.93,154.72,1193,18470599.0,155.762
2025-12-23 14:49:00,0.0,154.98,155.0,154.79,1126,17441091.0,155.758
2025-12-23 14:50:00,0.0,154.86,155.03,154.85,1020,15805775.0,155.755
2025-12-23 14:51:00,0.0,155.13,155.13,154.86,1412,21892535.0,155.752
2025-12-23 14:52:00,0.0,154.99,155.04,154.71,1301,20151644.0,155.748
2025-12-23 14:53:00,0.0,155.06,155.13,155.01,1372,21269284.0,155.744
2025-12-23 14:54:00,0.0,155.14,155.14,155.06,837,12980954.0,155.742
2025-12-23 14:55:00,0.0,155.5,155.5,155.15,1102,17112439.0,155.74
2025-12-23 14:56:00,0.0,155.56,155.6,155.5,2751,42792819.0,155.739
2025-12-23 14:57:00,0.0,155.31,155.57,155.24,1897,29480151.0,155.736
2025-12-23 14:58:00,0.0,155.3,155.3,155.3,25,388291.0,155.736
2025-12-23 14:59:00,0.0,155.3,155.3,155.3,0,0.0,155.736
2025-12-23 15:00:00,0.0,155.55,155.55,155.3,3136,48780480.0,155.734
2025-12-24 09:30:00,0.0,156.02,156.02,156.02,2434,37975268.0,156.02
2025-12-24 09:31:00,0.0,158.3,159.86,155.55,8705,137745495.0,157.753
2025-12-24 09:32:00,0.0,158.56,159.5,157.99,7643,121499974.0,158.248
2025-12-24 09:33:00,0.0,156.11,158.55,156.11,6720,105385043.0,157.872
2025-12-24 09:34:00,0.0,157.6,157.9,155.9,3978,62424586.0,157.744
2025-12-24 09:35:00,0.0,159.6,159.6,156.92,4995,78864719.0,157.767
2025-12-24 09:36:00,0.0,160.0,160.97,158.29,10499,167953676.0,158.282
2025-12-24 09:37:00,0.0,158.38,159.98,158.38,6382,101619977.0,158.4
2025-12-24 09:38:00,0.0,160.55,160.55,158.09,4073,64952377.0,158.479
2025-12-24 09:39:00,0.0,160.99,161.0,160.02,9234,148291450.0,158.781
2025-12-24 09:40:00,0.0,160.36,161.6,160.36,5767,92788891.0,158.954
2025-12-24 09:41:00,0.0,160.48,160.88,160.26,4419,70912030.0,159.043
2025-12-24 09:42:00,0.0,159.4,160.79,159.3,4942,79129332.0,159.11
2025-12-24 09:43:00,0.0,158.9,159.4,158.61,3206,50945405.0,159.103
2025-12-24 09:44:00,0.0,159.09,159.33,158.74,2482,39438238.0,159.097
2025-12-24 09:45:00,0.0,159.49,160.0,159.49,3138,50180855.0,159.126
2025-12-24 09:46:00,0.0,159.0,159.49,158.97,2176,34628425.0,159.126
2025-12-24 09:47:00,0.0,157.14,158.66,156.94,4591,72458669.0,159.063
2025-12-24 09:48:00,0.0,157.85,157.85,157.16,2700,42544546.0,159.022
2025-12-24 09:49:00,0.0,157.65,157.94,157.63,2006,31648538.0,158.997
2025-12-24 09:50:00,0.0,157.3,157.53,157.26,1995,31392888.0,158.965
2025-12-24 09:51:00,0.0,156.47,157.25,156.47,2696,42274682.0,158.909
2025-12-24 09:52:00,0.0,157.18,157.18,156.06,1900,29766755.0,158.869
2025-12-24 09:53:00,0.0,156.32,157.18,156.32,2115,33163962.0,158.829
2025-12-24 09:54:00,0.0,155.47,156.32,155.4,3862,60260414.0,158.733
2025-12-24 09:55:00,0.0,155.84,156.2,155.2,1997,31097103.0,158.681
2025-12-24 09:56:00,0.0,155.96,156.0,155.74,1647,25662526.0,158.64
2025-12-24 09:57:00,0.0,155.06,155.94,155.05,1938,30166047.0,158.591
2025-12-24 09:58:00,0.0,154.77,155.01,154.61,2223,34432225.0,158.523
2025-12-24 09:59:00,0.0,155.15,155.2,154.5,2261,35000692.0,158.454
2025-12-24 10:00:00,0.0,155.22,155.49,154.99,1612,25021882.0,158.412
2025-12-24 10:01:00,0.0,154.16,155.13,154.16,2604,40237182.0,158.333
2025-12-24 10:02:00,0.0,154.82,154.98,154.1,1677,25902931.0,158.282
2025-12-24 10:03:00,0.0,154.51,154.88,154.51,1361,21055513.0,158.245
2025-12-24 10:04:00,0.0,154.4,154.51,154.26,2077,32064577.0,158.184
2025-12-24 10:05:00,0.0,155.78,155.84,154.27,1304,20179182.0,158.15
2025-12-24 10:06:00,0.0,155.23,155.84,155.05,2384,37042766.0,158.102
2025-12-24 10:07:00,0.0,156.55,156.99,155.47,2017,31552743.0,158.077
2025-12-24 10:08:00,0.0,156.9,156.9,156.33,1024,16023236.0,158.066
2025-12-24 10:09:00,0.0,156.62,156.99,156.62,1710,26808953.0,158.05
2025-12-24 10:10:00,0.0,157.35,157.91,156.7,2526,39793191.0,158.041
2025-12-24 10:11:00,0.0,157.38,157.85,156.68,1812,28521150.0,158.033
2025-12-24 10:12:00,0.0,157.5,157.69,157.14,1475,23235156.0,158.028
2025-12-24 10:13:00,0.0,157.43,157.48,156.66,955,15005930.0,158.022
2025-12-24 10:14:00,0.0,157.56,157.56,157.0,945,14859190.0,158.017
2025-12-24 10:15:00,0.0,157.65,157.77,157.52,921,14518464.0,158.015
2025-12-24 10:16:00,0.0,157.11,157.65,157.09,1210,19051403.0,158.01
2025-12-24 10:17:00,0.0,157.11,157.63,157.1,920,14477458.0,158.006
2025-12-24 10:18:00,0.0,156.48,157.1,156.46,771,12080697.0,158.0
2025-12-24 10:19:00,0.0,156.86,156.97,156.57,369,5783834.0,157.997
2025-12-24 10:20:00,0.0,156.95,157.31,156.8,548,8601974.0,157.993
2025-12-24 10:21:00,0.0,156.3,156.96,156.3,689,10791475.0,157.987
2025-12-24 10:22:00,0.0,156.37,156.37,156.18,602,9405901.0,157.98
2025-12-24 10:23:00,0.0,156.96,156.97,156.45,602,9440359.0,157.975
2025-12-24 10:24:00,0.0,156.99,157.24,156.9,893,14028891.0,157.97
2025-12-24 10:25:00,0.0,157.3,157.3,157.0,442,6950659.0,157.968
2025-12-24 10:26:00,0.0,157.99,157.99,157.35,648,10216514.0,157.967
2025-12-24 10:27:00,0.0,157.51,157.83,157.3,801,12627168.0,157.965
2025-12-24 10:28:00,0.0,156.67,157.47,156.66,1037,16290394.0,157.96
2025-12-24 10:29:00,0.0,156.66,156.9,156.52,354,5544707.0,157.957
2025-12-24 10:30:00,0.0,156.89,156.89,156.63,578,9063303.0,157.953
2025-12-24 10:31:00,0.0,156.51,156.88,156.48,566,8868747.0,157.948
2025-12-24 10:32:00,0.0,156.3,156.6,156.3,597,9337466.0,157.942
2025-12-24 10:33:00,0.0,155.62,156.21,155.49,1026,15996419.0,157.93
2025-12-24 10:34:00,0.0,156.0,156.2,155.6,571,8903592.0,157.923
2025-12-24 10:35:00,0.0,155.96,155.96,155.91,332,5176454.0,157.918
2025-12-24 10:36:00,0.0,155.53,156.0,155.53,698,10873278.0,157.909
2025-12-24 10:37:00,0.0,155.82,155.82,155.52,424,6597600.0,157.903
2025-12-24 10:38:00,0.0,155.82,156.08,155.82,606,9450749.0,157.896
2025-12-24 10:39:00,0.0,156.07,156.07,155.81,424,6609178.0,157.891
2025-12-24 10:40:00,0.0,155.8,156.2,155.8,662,10327607.0,157.883
2025-12-24 10:41:00,0.0,156.0,156.09,155.76,552,8607968.0,157.877
2025-12-24 10:42:00,0.0,155.71,155.9,155.7,499,7773371.0,157.871
2025-12-24 10:43:00,0.0,155.79,156.0,155.7,482,7508133.0,157.865
2025-12-24 10:44:00,0.0,155.78,155.82,155.78,301,4689541.0,157.861
2025-12-24 10:45:00,0.0,155.77,155.77,155.72,500,7786880.0,157.855
2025-12-24 10:46:00,0.0,155.2,155.76,155.13,1021,15878097.0,157.84
2025-12-24 10:47:00,0.0,154.67,155.13,154.57,2313,35810256.0,157.8
2025-12-24 10:48:00,0.0,154.97,155.0,154.67,626,9690363.0,157.789
2025-12-24 10:49:00,0.0,155.17,155.2,154.93,439,6807732.0,157.782
2025-12-24 10:50:00,0.0,155.14,155.22,155.02,399,6189717.0,157.776
2025-12-24 10:51:00,0.0,154.94,155.14,154.9,876,13576267.0,157.762
2025-12-24 10:52:00,0.0,154.98,154.98,154.82,590,9139308.0,157.752
2025-12-24 10:53:00,0.0,155.27,155.48,154.98,476,7389782.0,157.745
2025-12-24 10:54:00,0.0,155.67,155.78,155.28,863,13419012.0,157.734
2025-12-24 10:55:00,0.0,155.27,155.51,155.17,550,8550219.0,157.727
2025-12-24 10:56:00,0.0,155.32,155.4,155.23,1025,15925428.0,157.713
2025-12-24 10:57:00,0.0,155.09,155.32,155.02,562,8718637.0,157.705
2025-12-24 10:58:00,0.0,154.94,155.02,154.94,640,9920178.0,157.695
2025-12-24 10:59:00,0.0,154.91,154.91,154.8,426,6596041.0,157.689
2025-12-24 11:00:00,0.0,154.94,154.94,154.82,336,5203318.0,157.683
2025-12-24 11:01:00,0.0,154.61,154.92,154.61,942,14582989.0,157.668
2025-12-24 11:02:00,0.0,155.84,155.84,154.64,551,8545680.0,157.66
2025-12-24 11:03:00,0.0,156.23,156.23,155.45,479,7467283.0,157.656
2025-12-24 11:04:00,0.0,156.26,156.39,156.06,717,11204104.0,157.65
2025-12-24 11:05:00,0.0,155.86,156.26,155.8,494,7709774.0,157.646
2025-12-24 11:06:00,0.0,155.64,155.86,155.34,259,4030581.0,157.643
2025-12-24 11:07:00,0.0,155.71,155.91,155.54,330,5137867.0,157.64
2025-12-24 11:08:00,0.0,156.3,156.86,155.71,896,13982110.0,157.632
2025-12-24 11:09:00,0.0,156.7,156.76,156.3,491,7681571.0,157.629
2025-12-24 11:10:00,0.0,156.18,156.76,156.18,770,12049425.0,157.624
2025-12-24 11:11:00,0.0,155.85,156.02,155.75,255,3975784.0,157.622
2025-12-24 11:12:00,0.0,155.62,155.84,155.55,350,5446182.0,157.618
2025-12-24 11:13:00,0.0,155.1,155.62,155.1,530,8244541.0,157.612
2025-12-24 11:14:00,0.0,154.88,155.07,154.8,561,8692161.0,157.604
2025-12-24 11:15:00,0.0,154.8,154.94,154.78,804,12449968.0,157.592
2025-12-24 11:16:00,0.0,154.87,155.05,154.79,476,7372372.0,157.585
2025-12-24 11:17:00,0.0,154.21,154.89,154.2,1837,28387515.0,157.556
2025-12-24 11:18:00,0.0,154.14,154.2,154.0,1545,23803894.0,157.528
2025-12-24 11:19:00,0.0,154.28,154.28,154.09,801,12347751.0,157.513
2025-12-24 11:20:00,0.0,154.4,154.48,154.22,496,7655929.0,157.505
2025-12-24 11:21:00,0.0,154.57,154.59,154.33,318,4911722.0,157.5
2025-12-24 11:22:00,0.0,154.64,154.66,154.41,359,5546338.0,157.495
2025-12-24 11:23:00,0.0,154.58,154.7,154.54,220,3400969.0,157.491
2025-12-24 11:24:00,0.0,154.57,154.58,154.54,229,3542141.0,157.488
2025-12-24 11:25:00,0.0,154.98,154.98,154.54,224,3470786.0,157.485
2025-12-24 11:26:00,0.0,155.05,155.09,154.97,248,3844570.0,157.482
2025-12-24 11:27:00,0.0,155.1,155.1,154.88,146,2262213.0,157.48
2025-12-24 11:28:00,0.0,155.16,155.34,155.09,86,1334506.0,157.479
2025-12-24 11:29:00,0.0,155.33,155.33,155.16,223,3462084.0,157.476
2025-12-24 11:30:00,0.0,155.31,155.45,155.21,242,3761564.0,157.473
2025-12-24 13:01:00,0.0,154.6,155.4,154.5,899,13939067.0,157.462
2025-12-24 13:02:00,0.0,154.74,155.16,154.56,252,3900599.0,157.459
2025-12-24 13:03:00,0.0,155.32,155.4,154.8,318,4933693.0,157.455
2025-12-24 13:04:00,0.0,154.95,155.44,154.88,736,11413344.0,157.446
2025-12-24 13:05:00,0.0,154.7,154.83,154.65,369,5710126.0,157.441
2025-12-24 13:06:00,0.0,154.67,155.0,154.67,349,5402056.0,157.437
2025-12-24 13:07:00,0.0,154.3,154.64,154.21,781,12055992.0,157.425
2025-12-24 13:08:00,0.0,154.63,154.74,154.28,320,4941045.0,157.42
2025-12-24 13:09:00,0.0,154.63,154.71,154.55,307,4746916.0,157.415
2025-12-24 13:10:00,0.0,154.72,154.73,154.5,294,4545157.0,157.411
2025-12-24 13:11:00,0.0,154.48,154.7,154.4,654,10106674.0,157.402
2025-12-24 13:12:00,0.0,154.5,154.6,154.46,409,6318692.0,157.396
2025-12-24 13:13:00,0.0,154.26,154.5,154.25,420,6483550.0,157.39
2025-12-24 13:14:00,0.0,154.63,154.63,154.23,528,8149307.0,157.382
2025-12-24 13:15:00,0.0,154.75,154.76,154.63,541,8369177.0,157.375
2025-12-24 13:16:00,0.0,154.6,154.78,154.6,478,7396134.0,157.368
2025-12-24 13:17:00,0.0,154.02,154.59,154.0,2022,31165456.0,157.336
2025-12-24 13:18:00,0.0,154.0,154.08,153.99,1992,30677921.0,157.304
2025-12-24 13:19:00,0.0,153.27,153.93,153.25,1545,23732206.0,157.277
2025-12-24 13:20:00,0.0,153.39,153.49,153.01,1496,22933276.0,157.248
2025-12-24 13:21:00,0.0,153.54,153.71,153.42,810,12432713.0,157.234
2025-12-24 13:22:00,0.0,153.6,153.6,153.47,575,8829169.0,157.224
2025-12-24 13:23:00,0.0,153.61,153.68,153.56,580,8909263.0,157.214
2025-12-24 13:24:00,0.0,153.32,153.61,153.32,596,9150763.0,157.204
2025-12-24 13:25:00,0.0,153.4,153.43,153.32,753,11541526.0,157.19
2025-12-24 13:26:00,0.0,152.92,153.38,152.8,2241,34300971.0,157.147
2025-12-24 13:27:00,0.0,153.25,153.29,152.78,1179,18045903.0,157.125
2025-12-24 13:28:00,0.0,153.8,153.8,153.27,642,9852639.0,157.114
2025-12-24 13:29:00,0.0,154.12,154.12,153.9,500,7700158.0,157.107
2025-12-24 13:30:00,0.0,153.89,154.19,153.69,568,8746549.0,157.099
2025-12-24 13:31:00,0.0,155.05,155.08,153.97,794,12269333.0,157.089
2025-12-24 13:32:00,0.0,155.09,155.18,154.88,1336,20711370.0,157.077
2025-12-24 13:33:00,0.0,154.93,155.09,154.92,405,6278074.0,157.073
2025-12-24 13:34:00,0.0,154.79,154.94,154.7,319,4938473.0,157.07
2025-12-24 13:35:00,0.0,154.66,154.82,154.52,377,5831925.0,157.066
2025-12-24 13:36:00,0.0,154.29,154.65,154.2,649,10025514.0,157.058
2025-12-24 13:37:00,0.0,154.29,154.34,154.18,290,4472778.0,157.054
2025-12-24 13:38:00,0.0,154.61,154.78,154.3,620,9579685.0,157.047
2025-12-24 13:39:00,0.0,154.91,154.91,154.59,245,3791428.0,157.045
2025-12-24 13:40:00,0.0,154.85,154.97,154.85,413,6398440.0,157.041
2025-12-24 13:41:00,0.0,155.29,155.29,154.8,956,14819800.0,157.032
2025-12-24 13:42:00,0.0,154.97,155.36,154.8,788,12217494.0,157.025
2025-12-24 13:43:00,0.0,154.75,154.98,154.65,563,8707178.0,157.019
2025-12-24 13:44:00,0.0,154.62,154.89,154.6,379,5863722.0,157.015
2025-12-24 13:45:00,0.0,154.37,154.69,154.3,609,9397355.0,157.008
2025-12-24 13:46:00,0.0,154.75,154.77,154.37,287,4425724.0,157.005
2025-12-24 13:47:00,0.0,155.06,155.06,154.69,444,6876680.0,157.001
2025-12-24 13:48:00,0.0,154.8,155.02,154.8,858,13295110.0,156.993
2025-12-24 13:49:00,0.0,154.7,154.83,154.64,259,4007487.0,156.991
2025-12-24 13:50:00,0.0,154.82,154.82,154.7,156,2414232.0,156.989
2025-12-24 13:51:00,0.0,154.68,154.82,154.68,524,8109715.0,156.984
2025-12-24 13:52:00,0.0,154.6,154.66,154.51,503,7774993.0,156.979
2025-12-24 13:53:00,0.0,154.6,154.66,154.52,545,8424510.0,156.973
2025-12-24 13:54:00,0.0,154.17,154.39,154.15,872,13465745.0,156.963
2025-12-24 13:55:00,0.0,154.02,154.16,154.02,310,4776738.0,156.96
2025-12-24 13:56:00,0.0,154.09,154.11,154.02,486,7486988.0,156.953
2025-12-24 13:57:00,0.0,154.66,154.66,154.16,488,7532728.0,156.948
2025-12-24 13:58:00,0.0,154.6,154.82,154.5,663,10258378.0,156.942
2025-12-24 13:59:00,0.0,155.01,155.05,154.59,530,8209845.0,156.937
2025-12-24 14:00:00,0.0,154.98,155.06,154.85,1111,17220835.0,156.928
2025-12-24 14:01:00,0.0,154.82,154.99,154.82,271,4196904.0,156.926
2025-12-24 14:02:00,0.0,154.71,154.85,154.67,351,5432581.0,156.922
2025-12-24 14:03:00,0.0,154.85,154.89,154.71,292,4520828.0,156.92
2025-12-24 14:04:00,0.0,154.82,154.86,154.77,382,5914271.0,156.916
2025-12-24 14:05:00,0.0,155.08,155.17,154.82,661,10252252.0,156.911
2025-12-24 14:06:00,0.0,155.06,155.08,154.98,558,8655306.0,156.907
2025-12-24 14:07:00,0.0,154.58,155.07,154.54,792,12258610.0,156.9
2025-12-24 14:08:00,0.0,154.58,154.63,154.5,258,3987491.0,156.897
2025-12-24 14:09:00,0.0,154.6,154.6,154.57,220,3401020.0,156.895
2025-12-24 14:10:00,0.0,154.81,154.85,154.59,158,2443762.0,156.894
2025-12-24 14:11:00,0.0,154.65,154.8,154.62,522,8076802.0,156.889
2025-12-24 14:12:00,0.0,154.76,154.8,154.65,247,3822607.0,156.887
2025-12-24 14:13:00,0.0,154.74,154.94,154.72,450,6966400.0,156.883
2025-12-24 14:14:00,0.0,154.75,154.75,154.66,224,3465288.0,156.881
2025-12-24 14:15:00,0.0,154.78,154.86,154.75,412,6376555.0,156.877
2025-12-24 14:16:00,0.0,154.72,154.82,154.7,308,4766497.0,156.875
2025-12-24 14:17:00,0.0,154.97,154.97,154.72,361,5588301.0,156.872
2025-12-24 14:18:00,0.0,155.05,155.05,154.98,467,7238293.0,156.868
2025-12-24 14:19:00,0.0,154.87,155.05,154.8,372,5763627.0,156.865
2025-12-24 14:20:00,0.0,155.15,155.16,154.87,368,5706256.0,156.862
2025-12-24 14:21:00,0.0,155.03,155.17,154.9,530,8216041.0,156.858
2025-12-24 14:22:00,0.0,155.0,155.05,154.95,602,9331072.0,156.854
2025-12-24 14:23:00,0.0,155.05,155.09,154.98,393,6094077.0,156.851
2025-12-24 14:24:00,0.0,154.96,155.04,154.96,661,10245833.0,156.846
2025-12-24 14:25:00,0.0,154.99,155.0,154.96,434,6726405.0,156.842
2025-12-24 14:26:00,0.0,154.94,154.96,154.83,519,8040645.0,156.838
2025-12-24 14:27:00,0.0,154.87,155.04,154.87,840,13018472.0,156.832
2025-12-24 14:28:00,0.0,154.99,154.99,154.86,287,4446269.0,156.83
2025-12-24 14:29:00,0.0,154.99,155.01,154.97,375,5812095.0,156.827
2025-12-24 14:30:00,0.0,155.08,155.09,155.0,303,4697234.0,156.825
2025-12-24 14:31:00,0.0,155.35,155.35,155.09,708,10987978.0,156.82
2025-12-24 14:32:00,0.0,155.0,155.4,154.93,1315,20399430.0,156.811
2025-12-24 14:33:00,0.0,154.6,155.02,154.6,1176,18207227.0,156.802
2025-12-24 14:34:00,0.0,154.5,154.69,154.5,868,13418358.0,156.794
2025-12-24 14:35:00,0.0,154.4,154.45,154.35,551,8507004.0,156.789
2025-12-24 14:36:00,0.0,154.6,154.77,154.41,715,11053432.0,156.783
2025-12-24 14:37:00,0.0,154.36,154.5,154.33,867,13384312.0,156.775
2025-12-24 14:38:00,0.0,154.29,154.34,154.27,551,8502083.0,156.769
2025-12-24 14:39:00,0.0,154.25,154.3,154.2,775,11954738.0,156.762
2025-12-24 14:40:00,0.0,154.19,154.28,154.19,720,11105689.0,156.755
2025-12-24 14:41:00,0.0,153.71,154.19,153.71,1652,25434830.0,156.737
2025-12-24 14:42:00,0.0,153.81,153.86,153.66,1050,16141201.0,156.725
2025-12-24 14:43:00,0.0,153.95,153.97,153.82,749,11529180.0,156.717
2025-12-24 14:44:00,0.0,153.97,154.02,153.95,1146,17646439.0,156.705
2025-12-24 14:45:00,0.0,153.82,153.97,153.82,1468,22593429.0,156.689
2025-12-24 14:46:00,0.0,153.89,153.9,153.83,1171,18016120.0,156.676
2025-12-24 14:47:00,0.0,154.21,154.24,153.9,1067,16443035.0,156.666
2025-12-24 14:48:00,0.0,153.9,154.22,153.9,1489,22937437.0,156.651
2025-12-24 14:49:00,0.0,154.03,154.04,153.91,852,13118513.0,156.642
2025-12-24 14:50:00,0.0,154.11,154.17,154.03,1042,16055650.0,156.632
2025-12-24 14:51:00,0.0,154.4,154.4,154.11,882,13597430.0,156.624
2025-12-24 14:52:00,0.0,154.16,154.37,154.14,1879,28980427.0,156.608
2025-12-24 14:53:00,0.0,154.3,154.31,154.17,695,10718024.0,156.601
2025-12-24 14:54:00,0.0,154.56,154.56,154.27,1529,23589601.0,156.589
2025-12-24 14:55:00,0.0,154.68,154.69,154.4,1112,17187384.0,156.58
2025-12-24 14:56:00,0.0,154.74,154.79,154.62,1990,30794724.0,156.567
2025-12-24 14:57:00,0.0,154.79,154.79,154.7,2186,33831655.0,156.553
2025-12-24 14:58:00,0.0,154.79,154.79,154.79,38,588267.0,156.553
2025-12-24 14:59:00,0.0,154.79,154.79,154.79,0,0.0,156.553
2025-12-24 15:00:00,0.0,154.68,154.79,154.68,5206,80526408.0,156.518
2025-12-25 09:30:00,0.0,155.09,155.09,155.09,1826,28315866.0,155.09
2025-12-25 09:31:00,0.0,156.68,157.66,155.51,7201,112786031.0,156.311
2025-12-25 09:32:00,0.0,157.01,157.36,156.64,5864,92111300.0,156.614
2025-12-25 09:33:00,0.0,155.2,157.17,155.2,4203,65696116.0,156.546
2025-12-25 09:34:00,0.0,155.03,155.6,155.01,5799,90049984.0,156.253
2025-12-25 09:35:00,0.0,153.2,155.01,153.18,4292,66273260.0,155.982
2025-12-25 09:36:00,0.0,154.62,154.62,152.81,4498,69071114.0,155.658
2025-12-25 09:37:00,0.0,155.01,155.01,154.39,2870,44400508.0,155.582
2025-12-25 09:38:00,0.0,155.0,155.26,155.0,2439,37841075.0,155.555
2025-12-25 09:39:00,0.0,154.23,154.98,154.23,1930,29836087.0,155.51
2025-12-25 09:40:00,0.0,153.43,154.22,153.43,1797,27655305.0,155.442
2025-12-25 09:41:00,0.0,152.92,153.53,152.92,3959,60656722.0,155.253
2025-12-25 09:42:00,0.0,150.77,152.82,150.13,9109,137590488.0,154.566
2025-12-25 09:43:00,0.0,150.26,150.7,149.98,6524,98026437.0,154.115
2025-12-25 09:44:00,0.0,149.96,150.21,149.7,6463,96925323.0,153.725
2025-12-25 09:45:00,0.0,150.3,150.77,150.3,4536,68256356.0,153.524
2025-12-25 09:46:00,0.0,150.44,151.19,150.3,3596,54181188.0,153.391
2025-12-25 09:47:00,0.0,149.61,150.2,149.6,5447,81663549.0,153.162
2025-12-25 09:48:00,0.0,149.36,149.78,149.14,5358,80110198.0,152.94
2025-12-25 09:49:00,0.0,149.56,149.85,149.16,4005,59841204.0,152.786
2025-12-25 09:50:00,0.0,149.22,149.53,149.2,2822,42164712.0,152.685
2025-12-25 09:51:00,0.0,148.84,149.21,148.83,3856,57484644.0,152.544
2025-12-25 09:52:00,0.0,147.75,148.77,147.7,5806,86008190.0,152.298
2025-12-25 09:53:00,0.0,147.9,148.5,147.51,5403,79967342.0,152.087
2025-12-25 09:54:00,0.0,148.8,148.8,147.8,4284,63507733.0,151.943
2025-12-25 09:55:00,0.0,149.15,149.16,148.8,1785,26604973.0,151.898
2025-12-25 09:56:00,0.0,149.81,149.83,149.07,1754,26235512.0,151.864
2025-12-25 09:57:00,0.0,150.14,150.14,149.74,1762,26407606.0,151.834
2025-12-25 09:58:00,0.0,149.85,150.4,149.85,1277,19163426.0,151.816
2025-12-25 09:59:00,0.0,149.64,149.86,149.49,1431,21423478.0,151.791
2025-12-25 10:00:00,0.0,149.4,149.8,149.4,1295,19375716.0,151.768
2025-12-25 10:01:00,0.0,149.05,149.4,149.05,1421,21201379.0,151.738
2025-12-25 10:02:00,0.0,148.19,149.09,148.19,2206,32840096.0,151.688
2025-12-25 10:03:00,0.0,148.08,148.2,147.96,3062,45340303.0,151.602
2025-12-25 10:04:00,0.0,147.85,148.06,147.85,1793,26528951.0,151.552
2025-12-25 10:05:00,0.0,148.45,148.5,147.8,1517,22461191.0,151.512
2025-12-25 10:06:00,0.0,148.01,148.58,148.01,1347,19981349.0,151.481
2025-12-25 10:07:00,0.0,147.89,148.03,147.84,1837,27175910.0,151.433
2025-12-25 10:08:00,0.0,147.9,147.94,147.84,1141,16872341.0,151.403
2025-12-25 10:09:00,0.0,147.89,147.96,147.86,1399,20693557.0,151.368
2025-12-25 10:10:00,0.0,147.9,147.95,147.89,1781,26334757.0,151.324
2025-12-25 10:11:00,0.0,147.9,147.93,147.81,1532,22649960.0,151.287
2025-12-25 10:12:00,0.0,148.59,148.59,147.83,765,11322196.0,151.269
2025-12-25 10:13:00,0.0,148.86,148.86,148.59,667,9917318.0,151.257
2025-12-25 10:14:00,0.0,148.38,148.9,148.38,860,12788768.0,151.242
2025-12-25 10:15:00,0.0,147.94,148.28,147.92,912,13495713.0,151.222
2025-12-25 10:16:00,0.0,147.92,148.0,147.92,1356,20052506.0,151.191
2025-12-25 10:17:00,0.0,148.1,148.1,147.93,1010,14947212.0,151.169
2025-12-25 10:18:00,0.0,148.91,148.91,148.09,579,8597658.0,151.159
2025-12-25 10:19:00,0.0,148.6,149.01,148.59,1083,16127386.0,151.143
2025-12-25 10:20:00,0.0,148.9,148.9,148.6,987,14678518.0,151.127
2025-12-25 10:21:00,0.0,149.26,149.5,149.15,1668,24899033.0,151.106
2025-12-25 10:22:00,0.0,149.58,149.6,149.25,712,10643839.0,151.099
2025-12-25 10:23:00,0.0,149.84,149.84,149.57,416,6227067.0,151.095
2025-12-25 10:24:00,0.0,149.0,149.84,148.98,1829,27334711.0,151.076
2025-12-25 10:25:00,0.0,148.88,148.99,148.82,390,5807615.0,151.07
2025-12-25 10:26:00,0.0,149.5,149.5,148.83,425,6341885.0,151.065
2025-12-25 10:27:00,0.0,149.97,149.97,149.5,486,7272636.0,151.061
2025-12-25 10:28:00,0.0,149.19,149.98,149.19,1000,14965448.0,151.051
2025-12-25 10:29:00,0.0,148.82,149.05,148.82,654,9747222.0,151.043
2025-12-25 10:30:00,0.0,148.71,148.79,148.66,661,9827548.0,151.033
2025-12-25 10:31:00,0.0,149.13,149.15,148.71,628,9357089.0,151.025
2025-12-25 10:32:00,0.0,149.2,149.2,149.03,379,5650181.0,151.021
2025-12-25 10:33:00,0.0,149.55,149.56,149.31,480,7170989.0,151.016
2025-12-25 10:34:00,0.0,149.83,149.83,149.57,456,6822590.0,151.012
2025-12-25 10:35:00,0.0,149.04,149.76,149.0,1282,19167558.0,151.0
2025-12-25 10:36:00,0.0,148.85,149.07,148.79,774,11522851.0,150.99
2025-12-25 10:37:00,0.0,148.9,149.13,148.86,375,5585695.0,150.985
2025-12-25 10:38:00,0.0,148.56,148.77,148.51,1298,19291377.0,150.966
2025-12-25 10:39:00,0.0,147.99,148.38,147.99,1902,28160191.0,150.933
2025-12-25 10:40:00,0.0,147.63,147.97,147.61,2143,31675950.0,150.893
2025-12-25 10:41:00,0.0,147.38,147.7,147.37,2835,41833588.0,150.838
2025-12-25 10:42:00,0.0,147.1,147.35,147.09,1164,17132298.0,150.814
2025-12-25 10:43:00,0.0,147.44,147.63,147.03,1333,19638141.0,150.786
2025-12-25 10:44:00,0.0,147.37,147.6,147.36,1023,15085548.0,150.767
2025-12-25 10:45:00,0.0,147.07,147.37,147.07,1235,18169429.0,150.742
2025-12-25 10:46:00,0.0,146.78,147.05,146.74,3923,57665369.0,150.66
2025-12-25 10:47:00,0.0,146.74,146.74,146.55,1362,19979081.0,150.63
2025-12-25 10:48:00,0.0,146.78,146.78,146.63,1352,19832843.0,150.6
2025-12-25 10:49:00,0.0,147.08,147.08,146.78,1034,15190209.0,150.58
2025-12-25 10:50:00,0.0,147.51,147.51,147.06,411,6047578.0,150.572
2025-12-25 10:51:00,0.0,146.65,147.54,146.65,1355,19932829.0,150.547
2025-12-25 10:52:00,0.0,146.98,146.99,146.65,970,14231606.0,150.527
2025-12-25 10:53:00,0.0,146.5,146.99,146.5,1694,24846001.0,150.492
2025-12-25 10:54:00,0.0,146.47,146.54,146.33,1494,21881007.0,150.46
2025-12-25 10:55:00,0.0,147.14,147.14,146.46,731,10730390.0,150.446
2025-12-25 10:56:00,0.0,147.37,147.49,147.2,540,7958895.0,150.437
2025-12-25 10:57:00,0.0,147.4,147.4,147.3,467,6881047.0,150.43
2025-12-25 10:58:00,0.0,147.88,147.88,147.39,370,5458469.0,150.424
2025-12-25 10:59:00,0.0,147.6,147.92,147.58,697,10306534.0,150.415
2025-12-25 11:00:00,0.0,148.03,148.03,147.61,903,13352384.0,150.403
2025-12-25 11:01:00,0.0,147.99,148.15,147.99,832,12320649.0,150.393
2025-12-25 11:02:00,0.0,147.92,147.92,147.68,507,7493824.0,150.386
2025-12-25 11:03:00,0.0,147.5,147.9,147.5,359,5299291.0,150.381
2025-12-25 11:04:00,0.0,147.44,147.51,147.42,349,5146530.0,150.376
2025-12-25 11:05:00,0.0,147.27,147.44,147.27,517,7619394.0,150.368
2025-12-25 11:06:00,0.0,147.71,147.9,147.27,585,8625126.0,150.359
2025-12-25 11:07:00,0.0,147.95,147.97,147.9,301,4452580.0,150.355
2025-12-25 11:08:00,0.0,147.75,147.96,147.66,446,6590623.0,150.35
2025-12-25 11:09:00,0.0,147.44,147.77,147.35,782,11547117.0,150.339
2025-12-25 11:10:00,0.0,147.75,147.91,147.33,607,8964227.0,150.331
2025-12-25 11:11:00,0.0,148.19,148.19,147.72,374,5532706.0,150.326
2025-12-25 11:12:00,0.0,147.8,148.22,147.8,462,6836841.0,150.321
2025-12-25 11:13:00,0.0,147.81,148.0,147.7,335,4953511.0,150.317
2025-12-25 11:14:00,0.0,147.48,147.77,147.35,544,8026612.0,150.309
2025-12-25 11:15:00,0.0,147.07,147.4,147.07,677,9971704.0,150.299
2025-12-25 11:16:00,0.0,147.1,147.13,147.03,419,6163228.0,150.292
2025-12-25 11:17:00,0.0,146.77,147.08,146.7,1774,26063925.0,150.263
2025-12-25 11:18:00,0.0,146.76,147.01,146.67,813,11931020.0,150.249
2025-12-25 11:19:00,0.0,146.96,147.0,146.7,334,4901309.0,150.243
2025-12-25 11:20:00,0.0,146.88,147.01,146.78,270,3967860.0,150.239
2025-12-25 11:21:00,0.0,147.22,147.34,146.86,187,2748136.0,150.236
2025-12-25 11:22:00,0.0,147.18,147.22,147.07,247,3634752.0,150.232
2025-12-25 11:23:00,0.0,146.89,147.22,146.89,447,6575083.0,150.225
2025-12-25 11:24:00,0.0,146.87,146.99,146.8,211,3102788.0,150.222
2025-12-25 11:25:00,0.0,146.95,147.0,146.88,243,3570913.0,150.218
2025-12-25 11:26:00,0.0,146.88,146.9,146.86,511,7505293.0,150.21
2025-12-25 11:27:00,0.0,146.97,147.0,146.87,324,4759541.0,150.205
2025-12-25 11:28:00,0.0,147.18,147.3,146.97,315,4632182.0,150.2
2025-12-25 11:29:00,0.0,147.58,147.64,147.18,229,3376494.0,150.197
2025-12-25 11:30:00,0.0,147.59,147.6,147.49,121,1785609.0,150.195
2025-12-25 13:01:00,0.0,148.86,148.9,147.33,2195,32468650.0,150.171
2025-12-25 13:02:00,0.0,147.54,148.83,147.13,628,9296558.0,150.165
2025-12-25 13:03:00,0.0,147.68,147.72,147.55,302,4455867.0,150.161
2025-12-25 13:04:00,0.0,147.58,147.58,147.51,391,5769575.0,150.156
2025-12-25 13:05:00,0.0,147.5,147.58,147.5,513,7569357.0,150.15
2025-12-25 13:06:00,0.0,146.97,147.48,146.97,850,12508733.0,150.138
2025-12-25 13:07:00,0.0,146.95,147.19,146.95,379,5570874.0,150.132
2025-12-25 13:08:00,0.0,147.24,147.47,146.95,343,5044245.0,150.127
2025-12-25 13:09:00,0.0,147.25,147.46,147.24,291,4288622.0,150.124
2025-12-25 13:10:00,0.0,147.4,147.42,147.22,399,5873677.0,150.118
2025-12-25 13:11:00,0.0,147.42,147.58,147.4,298,4395699.0,150.115
2025-12-25 13:12:00,0.0,147.1,147.47,147.09,621,9152357.0,150.107
2025-12-25 13:13:00,0.0,147.23,147.23,147.07,233,3427142.0,150.103
2025-12-25 13:14:00,0.0,147.52,147.52,147.34,191,2809814.0,150.101
2025-12-25 13:15:00,0.0,147.59,147.86,147.54,291,4295543.0,150.098
2025-12-25 13:16:00,0.0,147.51,147.65,147.5,440,6493434.0,150.092
2025-12-25 13:17:00,0.0,147.7,147.72,147.51,413,6099724.0,150.088
2025-12-25 13:18:00,0.0,147.69,147.97,147.69,589,8708410.0,150.082
2025-12-25 13:19:00,0.0,147.56,147.65,147.44,497,7332594.0,150.076
2025-12-25 13:20:00,0.0,147.55,147.59,147.53,264,3895205.0,150.073
2025-12-25 13:21:00,0.0,147.51,147.57,147.51,411,6063824.0,150.068
2025-12-25 13:22:00,0.0,147.14,147.4,147.12,647,9530885.0,150.06
2025-12-25 13:23:00,0.0,147.34,147.34,147.25,602,8862026.0,150.052
2025-12-25 13:24:00,0.0,147.89,147.98,147.34,512,7567154.0,150.047
2025-12-25 13:25:00,0.0,147.35,147.99,147.35,1027,15146903.0,150.035
2025-12-25 13:26:00,0.0,147.1,147.37,147.09,640,9420100.0,150.027
2025-12-25 13:27:00,0.0,146.8,147.1,146.78,1670,24533024.0,150.004
2025-12-25 13:28:00,0.0,146.74,146.85,146.7,776,11379491.0,149.992
2025-12-25 13:29:00,0.0,146.68,146.8,146.68,933,13689064.0,149.979
2025-12-25 13:30:00,0.0,146.86,146.86,146.65,415,6089638.0,149.973
2025-12-25 13:31:00,0.0,146.81,147.0,146.81,545,8007519.0,149.965
2025-12-25 13:32:00,0.0,146.58,146.79,146.57,1494,21906058.0,149.944
2025-12-25 13:33:00,0.0,146.36,146.49,146.35,2311,33843348.0,149.908
2025-12-25 13:34:00,0.0,146.35,146.4,146.33,883,12923609.0,149.895
2025-12-25 13:35:00,0.0,146.3,146.38,146.3,1171,17136694.0,149.877
2025-12-25 13:36:00,0.0,146.39,146.39,146.25,626,9158839.0,149.867
2025-12-25 13:37:00,0.0,146.35,146.39,146.33,1076,15748616.0,149.851
2025-12-25 13:38:00,0.0,146.8,146.8,146.3,542,7934996.0,149.843
2025-12-25 13:39:00,0.0,147.44,147.53,146.91,691,10181548.0,149.836
2025-12-25 13:40:00,0.0,147.1,147.43,147.1,800,11782297.0,149.827
2025-12-25 13:41:00,0.0,147.02,147.16,147.0,575,8455862.0,149.82
2025-12-25 13:42:00,0.0,146.59,147.02,146.57,794,11652029.0,149.81
2025-12-25 13:43:00,0.0,147.15,147.15,146.66,443,6503841.0,149.804
2025-12-25 13:44:00,0.0,147.06,147.3,146.97,980,14412560.0,149.793
2025-12-25 13:45:00,0.0,147.06,147.16,147.05,416,6117694.0,149.788
2025-12-25 13:46:00,0.0,147.23,147.23,147.0,449,6603570.0,149.783
2025-12-25 13:47:00,0.0,147.36,147.58,147.19,1086,15996808.0,149.772
2025-12-25 13:48:00,0.0,147.52,147.52,147.37,245,3612967.0,149.77
2025-12-25 13:49:00,0.0,147.45,147.54,147.41,680,10029789.0,149.763
2025-12-25 13:50:00,0.0,148.1,148.1,147.45,1194,17647690.0,149.754
2025-12-25 13:51:00,0.0,147.79,148.2,147.79,957,14168428.0,149.747
2025-12-25 13:52:00,0.0,147.62,147.82,147.6,321,4741507.0,149.744
2025-12-25 13:53:00,0.0,147.63,147.74,147.6,282,4163417.0,149.742
2025-12-25 13:54:00,0.0,147.28,147.61,147.27,486,7166400.0,149.737
2025-12-25 13:55:00,0.0,147.15,147.24,147.15,286,4209299.0,149.734
2025-12-25 13:56:00,0.0,147.14,147.22,147.14,357,5255183.0,149.731
2025-12-25 13:57:00,0.0,147.19,147.21,147.13,169,2487316.0,149.729
2025-12-25 13:58:00,0.0,147.37,147.37,147.2,276,4063647.0,149.726
2025-12-25 13:59:00,0.0,147.4,147.5,147.27,195,2873703.0,149.724
2025-12-25 14:00:00,0.0,147.57,147.57,147.31,213,3140838.0,149.722
2025-12-25 14:01:00,0.0,147.28,147.59,147.28,399,5880948.0,149.718
2025-12-25 14:02:00,0.0,147.3,147.34,147.28,282,4154101.0,149.716
2025-12-25 14:03:00,0.0,147.7,147.7,147.31,341,5026650.0,149.712
2025-12-25 14:04:00,0.0,147.79,147.8,147.66,429,6336515.0,149.709
2025-12-25 14:05:00,0.0,147.88,148.0,147.74,821,12145294.0,149.703
2025-12-25 14:06:00,0.0,147.71,147.8,147.71,659,9737283.0,149.698
2025-12-25 14:07:00,0.0,147.9,147.98,147.76,794,11745234.0,149.692
2025-12-25 14:08:00,0.0,147.83,147.95,147.8,496,7334158.0,149.689
2025-12-25 14:09:00,0.0,147.68,147.83,147.66,465,6871190.0,149.685
2025-12-25 14:10:00,0.0,147.62,147.76,147.58,395,5831795.0,149.682
2025-12-25 14:11:00,0.0,147.68,147.76,147.6,371,5478352.0,149.679
2025-12-25 14:12:00,0.0,147.6,147.7,147.59,258,3809379.0,149.677
2025-12-25 14:13:00,0.0,147.67,147.7,147.6,355,5242073.0,149.674
2025-12-25 14:14:00,0.0,147.54,147.68,147.54,297,4383701.0,149.672
2025-12-25 14:15:00,0.0,147.28,147.53,147.28,639,9417717.0,149.666
2025-12-25 14:16:00,0.0,147.3,147.32,147.26,463,6819113.0,149.661
2025-12-25 14:17:00,0.0,147.35,147.35,147.27,300,4418867.0,149.659
2025-12-25 14:18:00,0.0,147.31,147.33,147.29,214,3152452.0,149.657
2025-12-25 14:19:00,0.0,147.29,147.3,147.25,499,7349651.0,149.652
2025-12-25 14:20:00,0.0,147.3,147.38,147.29,365,5377348.0,149.649
2025-12-25 14:21:00,0.0,147.02,147.28,147.0,919,13522817.0,149.64
2025-12-25 14:22:00,0.0,147.12,147.24,147.01,309,4540597.0,149.637
2025-12-25 14:23:00,0.0,147.04,147.12,147.01,749,11012166.0,149.629
2025-12-25 14:24:00,0.0,147.23,147.29,147.02,372,5472975.0,149.625
2025-12-25 14:25:00,0.0,147.78,147.78,147.3,492,7259315.0,149.621
2025-12-25 14:26:00,0.0,147.95,148.0,147.78,947,14007427.0,149.615
2025-12-25 14:27:00,0.0,148.0,148.0,147.89,666,9854404.0,149.611
2025-12-25 14:28:00,0.0,147.9,148.09,147.9,693,10256358.0,149.607
2025-12-25 14:29:00,0.0,147.99,148.0,147.96,413,6111147.0,149.604
2025-12-25 14:30:00,0.0,147.78,147.99,147.78,696,10295781.0,149.6
2025-12-25 14:31:00,0.0,148.0,148.0,147.79,441,6523871.0,149.597
2025-12-25 14:32:00,0.0,148.11,148.12,148.02,693,10261269.0,149.593
2025-12-25 14:33:00,0.0,147.71,148.11,147.71,803,11880360.0,149.588
2025-12-25 14:34:00,0.0,147.75,147.76,147.61,257,3796080.0,149.586
2025-12-25 14:35:00,0.0,147.69,147.77,147.69,467,6899260.0,149.583
2025-12-25 14:36:00,0.0,147.68,147.7,147.68,322,4755796.0,149.58
2025-12-25 14:37:00,0.0,147.65,147.68,147.6,541,7987079.0,149.576
2025-12-25 14:38:00,0.0,147.64,147.65,147.59,569,8398685.0,149.572
2025-12-25 14:39:00,0.0,147.56,147.8,147.56,930,13733045.0,149.565
2025-12-25 14:40:00,0.0,147.57,147.58,147.55,662,9768759.0,149.56
2025-12-25 14:41:00,0.0,147.56,147.58,147.5,801,11818205.0,149.554
2025-12-25 14:42:00,0.0,147.53,147.54,147.51,361,5326226.0,149.552
2025-12-25 14:43:00,0.0,147.55,147.57,147.51,522,7701464.0,149.548
2025-12-25 14:44:00,0.0,147.52,147.54,147.51,732,10798674.0,149.542
2025-12-25 14:45:00,0.0,147.58,147.58,147.51,679,10018537.0,149.537
2025-12-25 14:46:00,0.0,147.66,147.76,147.58,565,8343730.0,149.533
2025-12-25 14:47:00,0.0,147.62,147.65,147.59,1180,17410964.0,149.525
2025-12-25 14:48:00,0.0,147.59,147.64,147.58,1054,15557513.0,149.518
2025-12-25 14:49:00,0.0,147.58,147.59,147.57,767,11312333.0,149.512
2025-12-25 14:50:00,0.0,147.63,147.71,147.57,991,14620641.0,149.505
2025-12-25 14:51:00,0.0,147.66,147.69,147.6,901,13303394.0,149.499
2025-12-25 14:52:00,0.0,147.68,147.69,147.63,975,14396635.0,149.493
2025-12-25 14:53:00,0.0,147.74,147.74,147.69,1043,15404897.0,149.486
2025-12-25 14:54:00,0.0,147.73,147.73,147.7,1543,22792247.0,149.476
2025-12-25 14:55:00,0.0,147.73,147.74,147.71,1366,20178838.0,149.468
2025-12-25 14:56:00,0.0,147.81,147.85,147.74,2299,33985613.0,149.454
2025-12-25 14:57:00,0.0,147.89,147.9,147.8,1920,28392967.0,149.443
2025-12-25 14:58:00,0.0,147.88,147.88,147.88,55,813370.0,149.443
2025-12-25 14:59:00,0.0,147.88,147.88,147.88,0,0.0,149.443
2025-12-25 15:00:00,0.0,147.89,147.89,147.88,3679,54408731.0,149.423
2025-12-26 09:30:00,145.5,145.5,145.5,145.5,1421,20669293.0,145.5
2025-12-26 09:31:00,145.5,143.7,146.4,143.65,6720,97324119.0,144.948
2025-12-26 09:32:00,143.66,143.79,144.2,143.61,5504,79197534.0,144.524
2025-12-26 09:33:00,143.78,144.81,144.86,143.78,3619,52273963.0,144.504
2025-12-26 09:34:00,144.76,144.2,144.87,144.2,2937,42462675.0,144.515
2025-12-26 09:35:00,144.25,144.85,144.85,144.07,3473,50075072.0,144.466
2025-12-26 09:36:00,144.88,145.92,145.92,144.88,1876,27292924.0,144.542
2025-12-26 09:37:00,145.88,145.95,146.19,145.8,2068,30189013.0,144.651
2025-12-26 09:38:00,145.99,146.72,146.76,145.99,1077,15754702.0,144.712
2025-12-26 09:39:00,146.72,146.39,146.88,146.39,2453,35982536.0,144.868
2025-12-26 09:40:00,146.35,146.87,147.39,146.21,2837,41660517.0,145.033
2025-12-26 09:41:00,146.86,146.7,146.86,146.4,1550,22719666.0,145.1
2025-12-26 09:42:00,146.52,146.89,146.89,146.41,1359,19916367.0,145.153
2025-12-26 09:43:00,146.89,146.3,146.89,146.3,1344,19691489.0,145.201
2025-12-26 09:44:00,146.3,145.87,146.3,145.87,962,14051732.0,145.222
2025-12-26 09:45:00,145.8,146.3,146.3,145.79,1523,22230471.0,145.251
2025-12-26 09:46:00,146.45,146.89,146.99,146.34,1081,15857620.0,145.29
2025-12-26 09:47:00,146.69,145.65,146.69,145.65,1491,21786252.0,145.319
2025-12-26 09:48:00,145.65,145.6,145.9,145.6,1857,27053184.0,145.334
2025-12-26 09:49:00,145.65,145.5,145.65,145.5,1779,25889953.0,145.342
2025-12-26 09:50:00,145.49,145.19,145.49,145.1,1360,19756384.0,145.34
2025-12-26 09:51:00,145.09,144.91,145.09,144.89,2440,35377342.0,145.323
2025-12-26 09:52:00,145.0,145.73,145.83,144.96,2278,33046513.0,145.312
2025-12-26 09:53:00,145.88,145.39,145.9,145.38,1009,14682048.0,145.317
2025-12-26 09:54:00,145.39,145.32,145.44,145.07,1136,16497404.0,145.316
2025-12-26 09:55:00,145.32,145.06,145.32,145.06,1677,24340849.0,145.311
2025-12-26 09:56:00,145.02,144.48,145.02,144.21,2652,38337216.0,145.277
2025-12-26 09:57:00,144.7,144.48,144.7,144.38,1561,22546963.0,145.255
2025-12-26 09:58:00,144.5,144.41,144.63,144.41,1022,14766862.0,145.243
2025-12-26 09:59:00,144.41,144.03,144.41,144.0,2796,40301147.0,145.195
2025-12-26 10:00:00,144.01,143.81,144.01,143.79,2481,35699524.0,145.148
2025-12-26 10:01:00,143.86,144.01,144.06,143.85,1620,23320992.0,145.119
2025-12-26 10:02:00,144.11,143.23,144.16,143.03,4753,68265415.0,145.023
2025-12-26 10:03:00,143.21,143.1,143.21,143.0,2837,40591598.0,144.951
2025-12-26 10:04:00,143.08,142.81,143.08,142.8,3268,46720553.0,144.869
2025-12-26 10:05:00,142.82,142.74,142.97,142.74,3015,43074032.0,144.797
2025-12-26 10:06:00,142.75,143.2,143.2,142.6,1986,28364957.0,144.75
2025-12-26 10:07:00,143.26,143.61,143.67,143.26,1717,24637042.0,144.725
2025-12-26 10:08:00,143.66,143.68,143.68,143.37,1443,20713549.0,144.705
2025-12-26 10:09:00,143.8,144.35,144.35,143.8,725,10441381.0,144.699
2025-12-26 10:10:00,144.35,144.1,144.41,144.1,988,14256887.0,144.695
2025-12-26 10:11:00,144.02,144.21,144.21,143.98,853,12279594.0,144.689
2025-12-26 10:12:00,144.24,144.0,144.32,144.0,1072,15464411.0,144.684
2025-12-26 10:13:00,144.0,144.6,144.6,144.0,1043,15060854.0,144.681
2025-12-26 10:14:00,144.6,144.58,144.65,144.5,1365,19737467.0,144.679
2025-12-26 10:15:00,144.5,144.09,144.5,144.09,525,7575392.0,144.677
2025-12-26 10:16:00,144.08,144.05,144.1,144.03,555,7994939.0,144.674
2025-12-26 10:17:00,144.01,144.49,144.49,143.98,868,12506203.0,144.668
2025-12-26 10:18:00,144.49,143.98,144.49,143.98,646,9311754.0,144.665
2025-12-26 10:19:00,143.92,144.28,144.29,143.91,591,8506530.0,144.661
2025-12-26 10:20:00,144.24,144.03,144.28,144.03,296,4274820.0,144.66
2025-12-26 10:21:00,143.88,143.91,144.08,143.86,791,11388043.0,144.654
2025-12-26 10:22:00,143.94,144.1,144.2,143.94,552,7954566.0,144.651
2025-12-26 10:23:00,144.07,143.61,144.07,143.61,732,10533780.0,144.645
2025-12-26 10:24:00,143.7,144.0,144.0,143.62,631,9072096.0,144.64
2025-12-26 10:25:00,144.02,143.7,144.05,143.7,510,7338114.0,144.636
2025-12-26 10:26:00,143.66,143.7,143.77,143.64,821,11797933.0,144.629
2025-12-26 10:27:00,143.7,144.0,144.0,143.7,702,10090529.0,144.623
2025-12-26 10:28:00,144.0,144.06,144.06,143.98,544,7833294.0,144.619
2025-12-26 10:29:00,144.14,143.99,144.2,143.91,588,8470186.0,144.616
2025-12-26 10:30:00,143.97,143.77,143.98,143.76,500,7195303.0,144.613
2025-12-26 10:31:00,143.76,143.59,143.77,143.59,656,9425378.0,144.607
2025-12-26 10:32:00,143.57,143.53,143.57,143.52,812,11655564.0,144.598
2025-12-26 10:33:00,143.5,143.51,143.51,143.45,597,8565927.0,144.592
2025-12-26 10:34:00,143.52,143.85,143.94,143.39,1112,15955967.0,144.581
2025-12-26 10:35:00,143.81,143.57,143.94,143.54,232,3335209.0,144.579
2025-12-26 10:36:00,143.54,144.01,144.01,143.5,917,13183669.0,144.572
2025-12-26 10:37:00,144.02,144.17,144.19,144.02,527,7600343.0,144.57
2025-12-26 10:38:00,144.13,144.0,144.17,144.0,372,5359433.0,144.568
2025-12-26 10:39:00,144.1,144.2,144.2,144.01,491,7074931.0,144.566
2025-12-26 10:40:00,144.19,144.21,144.3,144.17,566,8161635.0,144.564
2025-12-26 10:41:00,144.29,144.65,144.75,144.29,1201,17366395.0,144.565
2025-12-26 10:42:00,144.55,144.3,144.6,144.3,436,6298810.0,144.564
2025-12-26 10:43:00,144.3,144.2,144.3,144.16,484,6979816.0,144.563
2025-12-26 10:44:00,144.16,144.0,144.16,144.0,476,6859830.0,144.561
2025-12-26 10:45:00,144.0,143.79,144.0,143.79,574,8261521.0,144.558
2025-12-26 10:46:00,143.79,143.66,143.8,143.66,587,8435920.0,144.553
2025-12-26 10:47:00,143.67,144.0,144.0,143.67,544,7824375.0,144.55
2025-12-26 10:48:00,144.0,144.11,144.12,143.97,407,5861791.0,144.548
2025-12-26 10:49:00,144.12,144.3,144.36,144.12,452,6515436.0,144.547
2025-12-26 10:50:00,144.35,144.47,144.48,144.35,685,9892569.0,144.546
2025-12-26 10:51:00,144.38,144.28,144.38,144.24,374,5397028.0,144.545
2025-12-26 10:52:00,144.28,144.28,144.38,144.27,241,3477402.0,144.545
2025-12-26 10:53:00,144.28,144.2,144.28,144.0,511,7369981.0,144.543
2025-12-26 10:54:00,144.11,143.89,144.14,143.88,425,6120609.0,144.541
2025-12-26 10:55:00,143.97,143.99,144.0,143.9,348,5016003.0,144.539
2025-12-26 10:56:00,143.98,143.97,144.03,143.97,321,4622022.0,144.538
2025-12-26 10:57:00,143.98,143.89,144.05,143.86,406,5838203.0,144.536
2025-12-26 10:58:00,143.8,143.58,143.82,143.58,622,8936732.0,144.531
2025-12-26 10:59:00,143.57,143.31,143.57,143.31,1193,17115368.0,144.521
2025-12-26 11:00:00,143.31,143.27,143.31,143.25,884,12666160.0,144.512
2025-12-26 11:01:00,143.31,143.89,143.96,143.31,405,5819886.0,144.509
2025-12-26 11:02:00,143.9,144.2,144.2,143.9,544,7832623.0,144.507
2025-12-26 11:03:00,144.2,143.98,144.2,143.98,275,3962640.0,144.506
2025-12-26 11:04:00,143.95,143.69,143.95,143.69,347,4990051.0,144.504
2025-12-26 11:05:00,143.67,143.81,143.9,143.64,486,6986144.0,144.501
2025-12-26 11:06:00,143.81,143.7,143.81,143.68,356,5117544.0,144.499
2025-12-26 11:07:00,143.7,143.91,143.91,143.64,627,9010405.0,144.495
2025-12-26 11:08:00,143.91,143.86,143.91,143.82,206,2963542.0,144.494
2025-12-26 11:09:00,143.86,144.15,144.15,143.86,253,3644540.0,144.493
2025-12-26 11:10:00,144.15,144.0,144.15,143.99,414,5963498.0,144.491
2025-12-26 11:11:00,144.02,144.51,144.51,144.02,755,10893550.0,144.49
2025-12-26 11:12:00,144.53,144.6,144.6,144.53,726,10494688.0,144.49
2025-12-26 11:13:00,144.6,144.42,144.75,144.4,753,10887357.0,144.491
2025-12-26 11:14:00,144.28,144.0,144.28,144.0,367,5287790.0,144.49
2025-12-26 11:15:00,144.0,143.9,144.0,143.83,309,4447693.0,144.488
2025-12-26 11:16:00,143.82,143.65,143.82,143.65,393,5647761.0,144.486
2025-12-26 11:17:00,143.67,143.06,143.67,143.06,1557,22315463.0,144.472
2025-12-26 11:18:00,143.1,142.86,143.2,142.86,2313,33071775.0,144.446
2025-12-26 11:19:00,142.86,142.62,142.86,142.61,1790,25543617.0,144.423
2025-12-26 11:20:00,142.62,143.2,143.2,142.62,1003,14329391.0,144.411
2025-12-26 11:21:00,143.2,143.21,143.33,143.19,639,9153339.0,144.406
2025-12-26 11:22:00,143.21,142.66,143.21,142.66,694,9920176.0,144.398
2025-12-26 11:23:00,142.65,142.78,142.78,142.6,1090,15545895.0,144.384
2025-12-26 11:24:00,142.78,142.21,142.78,142.21,1865,26579055.0,144.359
2025-12-26 11:25:00,142.15,141.25,142.15,141.14,3604,51067196.0,144.292
2025-12-26 11:26:00,141.32,141.57,141.57,140.99,3163,44676141.0,144.226
2025-12-26 11:27:00,141.57,141.25,141.66,141.25,1068,15108881.0,144.206
2025-12-26 11:28:00,141.23,141.06,141.25,140.98,2836,40012468.0,144.147
2025-12-26 11:29:00,141.15,141.36,141.36,140.9,1674,23613751.0,144.113
2025-12-26 11:30:00,141.38,141.51,141.58,141.36,1019,14416092.0,144.096
2025-12-26 13:01:00,141.56,141.99,142.38,141.52,1712,24261746.0,144.069
2025-12-26 13:02:00,142.0,142.05,142.19,141.99,1157,16433455.0,144.055
2025-12-26 13:03:00,142.0,141.69,142.13,141.69,733,10407150.0,144.045
2025-12-26 13:04:00,141.65,142.0,142.0,141.62,509,7210354.0,144.037
2025-12-26 13:05:00,142.0,142.21,142.21,141.86,537,7626240.0,144.03
2025-12-26 13:06:00,142.28,141.9,142.3,141.9,643,9139789.0,144.023
2025-12-26 13:07:00,142.0,142.0,142.38,142.0,763,10843732.0,144.014
2025-12-26 13:08:00,142.0,141.97,142.0,141.95,464,6587882.0,144.008
2025-12-26 13:09:00,141.88,141.7,141.89,141.64,642,9102389.0,143.999
2025-12-26 13:10:00,141.68,141.63,141.79,141.62,450,6375717.0,143.992
2025-12-26 13:11:00,141.62,141.76,141.79,141.58,422,5977065.0,143.986
2025-12-26 13:12:00,141.83,141.85,141.88,141.73,445,6312211.0,143.98
2025-12-26 13:13:00,141.75,141.79,141.83,141.75,466,6607148.0,143.974
2025-12-26 13:14:00,141.79,141.7,141.79,141.68,316,4470992.0,143.969
2025-12-26 13:15:00,141.73,142.48,142.48,141.73,643,9134277.0,143.962
2025-12-26 13:16:00,142.5,142.39,142.8,142.37,838,11953295.0,143.955
2025-12-26 13:17:00,142.35,142.18,142.38,141.98,814,11572609.0,143.946
2025-12-26 13:18:00,142.34,142.57,142.57,142.2,215,3059635.0,143.944
2025-12-26 13:19:00,142.59,142.4,142.59,142.34,817,11636475.0,143.937
2025-12-26 13:20:00,142.42,142.5,142.55,142.36,833,11867308.0,143.929
2025-12-26 13:21:00,142.43,142.49,142.5,142.32,339,4829118.0,143.926
2025-12-26 13:22:00,142.49,142.88,142.88,142.44,303,4320942.0,143.924
2025-12-26 13:23:00,142.88,142.75,142.88,142.56,393,5609687.0,143.921
2025-12-26 13:24:00,142.78,142.53,142.78,142.53,316,4507358.0,143.919
2025-12-26 13:25:00,142.53,142.74,142.8,142.47,456,6499556.0,143.915
2025-12-26 13:26:00,142.8,143.05,143.05,142.75,374,5345632.0,143.913
2025-12-26 13:27:00,143.1,142.55,143.1,142.51,666,9508416.0,143.908
2025-12-26 13:28:00,142.55,142.69,142.73,142.52,325,4634225.0,143.906
2025-12-26 13:29:00,142.69,142.63,142.69,142.56,385,5490541.0,143.903
2025-12-26 13:30:00,142.64,142.45,142.66,142.45,460,6558648.0,143.899
2025-12-26 13:31:00,142.44,142.25,142.44,142.25,238,3388381.0,143.897
2025-12-26 13:32:00,142.29,142.01,142.29,141.98,611,8682905.0,143.891
2025-12-26 13:33:00,142.05,142.07,142.26,142.05,608,8636373.0,143.884
2025-12-26 13:34:00,142.07,142.1,142.2,142.06,267,3793775.0,143.881
2025-12-26 13:35:00,142.09,142.0,142.1,142.0,485,6889569.0,143.876
2025-12-26 13:36:00,142.01,142.28,142.39,142.01,578,8217215.0,143.87
2025-12-26 13:37:00,142.21,141.81,142.21,141.8,1267,17995765.0,143.857
2025-12-26 13:38:00,141.81,141.8,141.93,141.8,327,4637600.0,143.853
2025-12-26 13:39:00,141.8,141.66,141.8,141.65,673,9542469.0,143.845
2025-12-26 13:40:00,141.68,141.57,141.68,141.55,1029,14564888.0,143.832
2025-12-26 13:41:00,141.56,141.63,141.69,141.5,947,13404363.0,143.82
2025-12-26 13:42:00,141.69,141.61,141.69,141.6,407,5764099.0,143.815
2025-12-26 13:43:00,141.61,141.85,141.86,141.61,592,8393799.0,143.808
2025-12-26 13:44:00,141.85,141.63,141.85,141.63,555,7866212.0,143.801
2025-12-26 13:45:00,141.59,141.74,141.76,141.59,771,10919955.0,143.792
2025-12-26 13:46:00,141.74,141.69,141.74,141.64,311,4406239.0,143.788
2025-12-26 13:47:00,141.69,141.73,141.73,141.64,524,7423723.0,143.782
2025-12-26 13:48:00,141.73,142.0,142.01,141.73,576,8176481.0,143.777
2025-12-26 13:49:00,142.0,142.29,142.29,141.98,425,6036925.0,143.772
2025-12-26 13:50:00,142.17,142.04,142.39,142.04,694,9872728.0,143.767
2025-12-26 13:51:00,142.13,142.34,142.4,142.0,298,4238190.0,143.764
2025-12-26 13:52:00,142.3,142.01,142.3,142.0,388,5512367.0,143.761
2025-12-26 13:53:00,142.02,142.04,142.08,142.01,293,4162441.0,143.758
2025-12-26 13:54:00,142.07,141.81,142.07,141.79,462,6556059.0,143.753
2025-12-26 13:55:00,141.81,141.89,141.89,141.79,191,2708779.0,143.751
2025-12-26 13:56:00,141.85,141.93,141.96,141.85,260,3689818.0,143.749
2025-12-26 13:57:00,141.93,142.11,142.34,141.93,473,6720925.0,143.744
2025-12-26 13:58:00,142.29,142.22,142.36,142.19,444,6317589.0,143.741
2025-12-26 13:59:00,142.38,142.11,142.38,142.03,567,8066068.0,143.736
2025-12-26 14:00:00,142.03,142.04,142.1,142.01,398,5652683.0,143.733
2025-12-26 14:01:00,142.04,142.29,142.29,142.03,383,5444744.0,143.729
2025-12-26 14:02:00,142.3,142.16,142.32,142.1,497,7068258.0,143.725
2025-12-26 14:03:00,142.24,142.16,142.25,142.1,158,2246163.0,143.724
2025-12-26 14:04:00,142.14,142.1,142.2,142.1,288,4093699.0,143.722
2025-12-26 14:05:00,142.15,142.2,142.2,142.08,307,4363231.0,143.719
2025-12-26 14:06:00,142.2,142.17,142.2,142.08,493,7007479.0,143.715
2025-12-26 14:07:00,142.17,142.1,142.17,142.08,253,3595962.0,143.713
2025-12-26 14:08:00,142.13,141.65,142.13,141.65,1104,15668744.0,143.702
2025-12-26 14:09:00,141.61,141.75,141.8,141.61,290,4110450.0,143.699
2025-12-26 14:10:00,141.76,141.68,141.76,141.68,447,6334432.0,143.695
2025-12-26 14:11:00,141.7,142.15,142.22,141.7,650,9225403.0,143.689
2025-12-26 14:12:00,142.15,142.3,142.38,142.03,705,10029620.0,143.683
2025-12-26 14:13:00,142.34,142.49,142.49,142.34,617,8786551.0,143.679
2025-12-26 14:14:00,142.49,142.33,142.5,142.24,542,7720468.0,143.676
2025-12-26 14:15:00,142.34,142.33,142.35,142.3,275,3913867.0,143.674
2025-12-26 14:16:00,142.33,142.31,142.33,142.26,228,3244578.0,143.672
2025-12-26 14:17:00,142.29,142.28,142.31,142.18,289,4111146.0,143.67
2025-12-26 14:18:00,142.28,142.16,142.28,142.13,245,3483759.0,143.668
2025-12-26 14:19:00,142.11,141.95,142.12,141.95,248,3522241.0,143.666
2025-12-26 14:20:00,141.9,141.86,141.9,141.8,406,5759417.0,143.663
2025-12-26 14:21:00,141.95,141.97,142.0,141.9,211,2995490.0,143.661
2025-12-26 14:22:00,142.0,142.02,142.1,142.0,299,4246389.0,143.658
2025-12-26 14:23:00,142.06,141.91,142.06,141.91,540,7667376.0,143.654
2025-12-26 14:24:00,141.92,141.89,141.92,141.86,309,4384446.0,143.651
2025-12-26 14:25:00,141.89,141.9,141.9,141.85,447,6341709.0,143.647
2025-12-26 14:26:00,141.87,141.78,141.87,141.78,384,5446732.0,143.643
2025-12-26 14:27:00,141.79,141.8,141.83,141.75,541,7670999.0,143.638
2025-12-26 14:28:00,141.81,141.76,141.81,141.75,308,4366541.0,143.635
2025-12-26 14:29:00,141.77,141.82,141.83,141.77,391,5544621.0,143.632
2025-12-26 14:30:00,141.83,141.99,142.0,141.82,856,12145578.0,143.624
2025-12-26 14:31:00,142.04,142.0,142.19,142.0,447,6351166.0,143.621
2025-12-26 14:32:00,142.01,142.02,142.05,141.98,412,5850833.0,143.617
2025-12-26 14:33:00,142.08,141.99,142.08,141.98,228,3237909.0,143.616
2025-12-26 14:34:00,142.0,142.08,142.08,141.98,253,3593550.0,143.614
2025-12-26 14:35:00,142.1,142.11,142.18,142.1,322,4576305.0,143.611
2025-12-26 14:36:00,142.08,142.01,142.1,142.01,401,5695580.0,143.608
2025-12-26 14:37:00,142.01,141.99,142.01,141.98,398,5651558.0,143.605
2025-12-26 14:38:00,141.98,142.0,142.01,141.97,300,4259578.0,143.602
2025-12-26 14:39:00,141.99,142.0,142.01,141.98,332,4714235.0,143.6
2025-12-26 14:40:00,142.01,142.1,142.17,141.98,663,9416178.0,143.595
2025-12-26 14:41:00,142.1,142.26,142.26,142.1,383,5441510.0,143.592
2025-12-26 14:42:00,142.27,142.25,142.3,142.25,415,5904613.0,143.589
2025-12-26 14:43:00,142.2,142.23,142.28,142.2,438,6230971.0,143.586
2025-12-26 14:44:00,142.24,142.25,142.25,142.22,526,7481761.0,143.583
2025-12-26 14:45:00,142.25,142.28,142.29,142.25,350,4979363.0,143.581
2025-12-26 14:46:00,142.29,142.5,142.5,142.29,1009,14371471.0,143.575
2025-12-26 14:47:00,142.56,142.52,142.59,142.49,754,10747932.0,143.571
2025-12-26 14:48:00,142.54,142.56,142.58,142.49,831,11845280.0,143.567
2025-12-26 14:49:00,142.5,142.46,142.56,142.45,659,9389964.0,143.564
2025-12-26 14:50:00,142.46,142.38,142.46,142.38,509,7248926.0,143.561
2025-12-26 14:51:00,142.35,142.4,142.5,142.35,735,10467388.0,143.557
2025-12-26 14:52:00,142.37,142.39,142.45,142.35,885,12600643.0,143.552
2025-12-26 14:53:00,142.38,142.4,142.43,142.38,883,12573762.0,143.547
2025-12-26 14:54:00,142.4,142.53,142.54,142.4,804,11456346.0,143.543
2025-12-26 14:55:00,142.56,142.63,142.63,142.55,1134,16167695.0,143.538
2025-12-26 14:56:00,142.63,142.48,142.63,142.46,2441,34782333.0,143.526
2025-12-26 14:57:00,142.49,142.48,142.5,142.47,1454,20713452.0,143.519
2025-12-26 14:58:00,142.47,142.47,142.47,142.47,61,869105.0,143.519
2025-12-26 14:59:00,142.47,142.47,142.47,142.47,0,0.0,143.519
2025-12-26 15:00:00,142.47,142.47,142.47,142.47,2217,31585599.0,143.509
